"","ONTOLOGY","ID","Description","GeneRatio","BgRatio","pvalue","p.adjust","qvalue","geneID","Count"
"GO:0042445","BP","GO:0042445","hormone metabolic process","31/448","241/18614",2.60268548240462e-14,9.10159113196895e-11,8.35051089512555e-11,"STARD3/SRD5A3/MED1/DIO2/ACE2/REN/SRD5A1/CEL/SLC16A2/AKR1B15/PAPSS2/AKR1D1/HSD17B2/SDR16C5/IYD/AWAT2/AKR1C2/UGT2B28/HSD3B2/CYP3A5/SULT1E1/CRYM/UGT2B10/AKR1B10/SRD5A2/ADH1C/UGT1A9/AKR1C1/UGT2B11/CYP2C9/UGT2B7",31
"GO:0006805","BP","GO:0006805","xenobiotic metabolic process","20/448","123/18614",1.43707599561461e-11,2.51272737833214e-08,2.30537243928069e-08,"ABCC2/ABCC3/ABCC4/FMO4/ACSL1/CBR3/CES3/CYP2J2/UGT1A6/SULT1A2/UGT2B28/CYP3A5/UGT1A9/AKR1C1/UGT2B11/CYP2C9/GSTA3/UGT2B7/AADAC/SLCO1B1",20
"GO:0071466","BP","GO:0071466","cellular response to xenobiotic stimulus","24/448","189/18614",3.02478207067716e-11,3.52588763371935e-08,3.23492482506105e-08,"ABCC2/ABCC3/ABCC4/FMO4/ACSL1/REN/CBR3/CES3/CYP2J2/UGT1A6/SULT1A2/UGT2B28/CYP3A5/DDC/UGT1A9/AKR1C1/UGT2B11/CYP2C9/GSTA3/TH/UGT2B7/AADAC/SLC10A1/SLCO1B1",24
"GO:0009410","BP","GO:0009410","response to xenobiotic stimulus","34/448","440/18614",2.4004775614538e-09,2.09861750810098e-06,1.92543568613452e-06,"ABCC2/ABCC3/ABCC4/FMO4/ACSL1/REN/CBR3/SRD5A1/CES3/CYP2J2/ASS1/UGT1A6/SULT1A2/UGT2B28/CYP3A5/CPB2/TFAP2B/DDC/SRD5A2/CD38/UGT1A9/AKR1C1/SLC6A11/UGT2B11/CYP2C9/GSTA3/TH/UGT2B7/SLC34A1/AADAC/CSAG3/SLC10A1/HMGCS2/SLCO1B1",34
"GO:0008202","BP","GO:0008202","steroid metabolic process","27/448","323/18614",2.18476904403266e-08,1.52802746939644e-05,1.40193179920243e-05,"G6PD/STARD3/SRD5A3/MED1/FGFR4/IDI1/LIPC/SRD5A1/AKR1B15/AKR1D1/ACADL/HSD17B2/SULT1A2/AKR1C2/UGT2B28/HSD3B2/CYP3A5/CYP8B1/SULT1E1/PCSK9/UGT2B10/SRD5A2/AKR1C1/UGT2B11/CYP2C9/UGT2B7/HMGCS2",27
"GO:0006720","BP","GO:0006720","isoprenoid metabolic process","15/448","119/18614",1.75255186552195e-07,0.000102144564562171,9.37154050194898e-05,"SRD5A3/IDI1/SRD5A1/CEL/AKR1B15/SDR16C5/AWAT2/CYP3A5/AKR1B10/ADH1C/UGT1A9/AKR1C1/CYP2C9/TH/HMGCS2",15
"GO:0006575","BP","GO:0006575","cellular modified amino acid metabolic process","15/448","124/18614",3.0264487979782e-07,0.000151076021168526,0.000138608946772923,"MFSD2A/MED1/DIO2/ALDH4A1/SLC16A2/ACADL/VNN2/PRODH/CRAT/IYD/ASS1/GNMT/CRYM/CKMT1A/PLA2G3",15
"GO:0008210","BP","GO:0008210","estrogen metabolic process","9/448","40/18614",3.52628741028736e-07,0.000151076021168526,0.000138608946772923,"AKR1B15/HSD17B2/UGT2B28/CYP3A5/SULT1E1/UGT2B10/UGT2B11/CYP2C9/UGT2B7",9
"GO:0008209","BP","GO:0008209","androgen metabolic process","8/448","30/18614",3.88814466833496e-07,0.000151076021168526,0.000138608946772923,"SRD5A3/MED1/SRD5A1/AKR1D1/HSD17B2/HSD3B2/SRD5A2/UGT2B7",8
"GO:1901605","BP","GO:1901605","alpha-amino acid metabolic process","19/448","206/18614",6.19896760598824e-07,0.000212942283467595,0.000195369889983664,"HAAO/GGT1/KMO/KYNU/AADAT/ALDH4A1/PIPOX/ASRGL1/HPD/PRODH/IYD/ASS1/GNMT/TDO2/RIMKLA/GLYATL1/CRYM/HGD/TH",19
"GO:0009072","BP","GO:0009072","aromatic amino acid metabolic process","8/448","32/18614",6.69821309163154e-07,0.000212942283467595,0.000195369889983664,"HAAO/KMO/KYNU/HPD/IYD/TDO2/HGD/TH",8
"GO:0006066","BP","GO:0006066","alcohol metabolic process","26/448","366/18614",9.59113447925389e-07,0.00027950164394959,0.000256436648182157,"G6PD/STARD3/SRD5A3/IDI1/IDH1/IDH2/LIPC/ALDH3B2/CEL/AKR1B15/AKR1D1/ACADL/SDR16C5/AWAT2/SULT1A2/AKR1C2/CYP3A5/SULT1E1/PCSK9/AKR1B10/MOGAT2/ADH1C/AKR1C1/CYP2C9/SLC34A1/HMGCS2",26
"GO:0042430","BP","GO:0042430","indole-containing compound metabolic process","7/448","24/18614",1.08382025287832e-06,0.000291547648024267,0.000267488593584867,"HAAO/KMO/KYNU/SRD5A1/TDO2/DDC/SLC34A1",7
"GO:0009074","BP","GO:0009074","aromatic amino acid family catabolic process","6/448","16/18614",1.22666839960816e-06,0.000306404242387839,0.000281119194135765,"HAAO/KMO/KYNU/HPD/TDO2/HGD",6
"GO:0120254","BP","GO:0120254","olefinic compound metabolic process","16/448","158/18614",1.39706233357056e-06,0.000325701798699751,0.000298824280191093,"STARD3/ALOX15B/SRD5A1/CEL/AKR1B15/CYP2J2/SDR16C5/AWAT2/FADS2/AKR1C2/CYP3A5/AKR1B10/SRD5A2/ADH1C/AKR1C1/CYP2C9",16
"GO:0006702","BP","GO:0006702","androgen biosynthetic process","5/448","10/18614",1.8015024915235e-06,0.000393740888303605,0.000361248657510766,"SRD5A3/MED1/SRD5A1/HSD3B2/SRD5A2",5
"GO:1901568","BP","GO:1901568","fatty acid derivative metabolic process","11/448","77/18614",2.22153656244531e-06,0.000428894457407599,0.00039350128867702,"GGTLC2/NUDT8/GGT1/GGTLC1/ALOX15B/ACSL1/GGT3P/FAR2/AWAT2/HPGD/HMGCS2",11
"GO:0006520","BP","GO:0006520","amino acid metabolic process","22/448","290/18614",2.27586094079994e-06,0.000428894457407599,0.00039350128867702,"ETFA/HAAO/GGT1/KMO/KYNU/AADAT/ALDH4A1/PIPOX/ASRGL1/HPD/SLC16A2/PRODH/IYD/ASS1/GNMT/TDO2/RIMKLA/GLYATL1/CRYM/DDC/HGD/TH",22
"GO:1901606","BP","GO:1901606","alpha-amino acid catabolic process","12/448","93/18614",2.33028158156831e-06,0.000428894457407599,0.00039350128867702,"HAAO/KMO/KYNU/AADAT/ALDH4A1/PIPOX/ASRGL1/HPD/PRODH/TDO2/CRYM/HGD",12
"GO:0042537","BP","GO:0042537","benzene-containing compound metabolic process","7/448","27/18614",2.61230372445407e-06,0.000443884953733516,0.00040725474135116,"HAAO/KMO/KYNU/AADAT/TDO2/SRD5A2/TH",7
"GO:0043648","BP","GO:0043648","dicarboxylic acid metabolic process","12/448","95/18614",2.92768498760886e-06,0.000443884953733516,0.00040725474135116,"HAAO/GGT1/KMO/KYNU/AADAT/ALDH4A1/IDH1/IDH2/QPRT/ME1/PRODH/ASS1",12
"GO:0016054","BP","GO:0016054","organic acid catabolic process","20/448","250/18614",2.93883272688994e-06,0.000443884953733516,0.00040725474135116,"ETFA/NUDT8/MFSD2A/HAAO/KMO/GLYATL2/KYNU/AADAT/ALDH4A1/PIPOX/ASRGL1/HPD/QPRT/AKR1D1/ACADL/PRODH/CRAT/TDO2/CRYM/HGD",20
"GO:0046395","BP","GO:0046395","carboxylic acid catabolic process","20/448","250/18614",2.93883272688994e-06,0.000443884953733516,0.00040725474135116,"ETFA/NUDT8/MFSD2A/HAAO/KMO/GLYATL2/KYNU/AADAT/ALDH4A1/PIPOX/ASRGL1/HPD/QPRT/AKR1D1/ACADL/PRODH/CRAT/TDO2/CRYM/HGD",20
"GO:0015850","BP","GO:0015850","organic hydroxy compound transport","22/448","296/18614",3.18064745128678e-06,0.000443884953733516,0.00040725474135116,"STARD3/ABCC2/ABCC3/ABCC4/SLC5A11/LIPC/REN/CEL/ABCA12/ABCC11/CYP8B1/PCSK9/SYT3/RAB3B/AQP3/CHRNA4/SLC5A1/AKR1C1/AQP2/SLC10A1/APOA5/SLCO1B1",22
"GO:0006751","BP","GO:0006751","glutathione catabolic process","5/448","11/18614",3.23741032213123e-06,0.000443884953733516,0.00040725474135116,"GGTLC2/GGT1/GGTLC1/GGT3P/CHAC1",5
"GO:0009063","BP","GO:0009063","amino acid catabolic process","13/448","113/18614",3.3002598790596e-06,0.000443884953733516,0.00040725474135116,"ETFA/HAAO/KMO/KYNU/AADAT/ALDH4A1/PIPOX/ASRGL1/HPD/PRODH/TDO2/CRYM/HGD",13
"GO:1901570","BP","GO:1901570","fatty acid derivative biosynthetic process","9/448","52/18614",3.67360707953022e-06,0.000467550593313591,0.000428967448315045,"GGTLC2/GGT1/GGTLC1/ALOX15B/ACSL1/GGT3P/FAR2/AWAT2/HMGCS2",9
"GO:0006631","BP","GO:0006631","fatty acid metabolic process","26/448","394/18614",3.74361355812998e-06,0.000467550593313591,0.000428967448315045,"ETFA/NUDT8/MFSD2A/GGT1/DBI/GLYATL2/FMO4/ALOX15B/ACSL1/LIPC/FA2H/ACSF2/ACADL/CYP2J2/CRAT/SCD/FADS2/AKR1C2/HPGD/ACOT6/AKR1C1/PRKAG3/CYP2C9/TH/APOA5/PLA2G3",26
"GO:0006721","BP","GO:0006721","terpenoid metabolic process","12/448","99/18614",4.53982636532801e-06,0.000547440441363864,0.000502264637441734,"SRD5A1/CEL/AKR1B15/SDR16C5/AWAT2/CYP3A5/AKR1B10/ADH1C/UGT1A9/AKR1C1/CYP2C9/HMGCS2",12
"GO:0015721","BP","GO:0015721","bile acid and bile salt transport","7/448","30/18614",5.62603626671553e-06,0.000655808294156807,0.000601689773366629,"ABCC2/ABCC3/ABCC4/ABCC11/AKR1C1/SLC10A1/SLCO1B1",7
"GO:0052695","BP","GO:0052695","cellular glucuronidation","6/448","21/18614",7.50347039158827e-06,0.000846439869657554,0.000776590076521598,"UGT1A6/UGT2B28/UGT2B10/UGT1A9/UGT2B11/UGT2B7",6
"GO:0044282","BP","GO:0044282","small molecule catabolic process","25/448","388/18614",8.70239455225074e-06,0.000928530561154277,0.000851906491398112,"ETFA/NUDT8/MFSD2A/SRD5A3/HAAO/KMO/GLYATL2/KYNU/AADAT/ALDH4A1/ALDH3B2/PIPOX/ASRGL1/HPD/QPRT/AKR1D1/ACADL/PRODH/CRAT/SULT1A2/TDO2/SULT1E1/CRYM/AKR1B10/HGD",25
"GO:0120178","BP","GO:0120178","steroid hormone biosynthetic process","8/448","44/18614",8.76222719991168e-06,0.000928530561154277,0.000851906491398112,"STARD3/SRD5A3/MED1/SRD5A1/AKR1B15/HSD17B2/HSD3B2/SRD5A2",8
"GO:0034308","BP","GO:0034308","primary alcohol metabolic process","12/448","107/18614",1.02362439492801e-05,0.00105282779678331,0.000965946487845376,"ALDH3B2/CEL/AKR1B15/SDR16C5/AWAT2/SULT1A2/AKR1C2/CYP3A5/SULT1E1/AKR1B10/ADH1C/AKR1C1",12
"GO:0016042","BP","GO:0016042","lipid catabolic process","22/448","330/18614",1.78402592674264e-05,0.00178249676166257,0.00163540181194333,"ETFA/NUDT8/MFSD2A/SRD5A3/GLYATL2/IDH1/LIPC/SRD5A1/CEL/AKR1D1/ACADL/LCT/CRAT/HPGD/SULT1E1/NEU4/ZPBP2/AKR1B10/SRD5A2/PLA2G2D/AADAC/APOA5",22
"GO:0015718","BP","GO:0015718","monocarboxylic acid transport","15/448","177/18614",2.58861187312597e-05,0.00251454881120042,0.00230704356411929,"ABCC2/MFSD2A/ABCC3/ABCC4/ACSL1/FABP7/SLC16A2/ABCC11/FABP6/AKR1C1/SLC6A11/PLA2G2D/SLC10A1/PLA2G3/SLCO1B1",15
"GO:0006063","BP","GO:0006063","uronic acid metabolic process","6/448","26/18614",2.87443421733837e-05,0.00264523591000849,0.00242694612034553,"UGT1A6/UGT2B28/UGT2B10/UGT1A9/UGT2B11/UGT2B7",6
"GO:0019585","BP","GO:0019585","glucuronate metabolic process","6/448","26/18614",2.87443421733837e-05,0.00264523591000849,0.00242694612034553,"UGT1A6/UGT2B28/UGT2B10/UGT1A9/UGT2B11/UGT2B7",6
"GO:0042446","BP","GO:0042446","hormone biosynthetic process","9/448","67/18614",3.10371505734227e-05,0.00278299783475024,0.00255333967470425,"STARD3/SRD5A3/MED1/DIO2/SRD5A1/AKR1B15/HSD17B2/HSD3B2/SRD5A2",9
"GO:0006869","BP","GO:0006869","lipid transport","26/448","447/18614",3.40743436978078e-05,0.00297894949778085,0.00273312104186627,"STARD3/ABCC2/MFSD2A/ABCC3/ABCC4/DBI/PITPNC1/ACSL1/LBP/LIPC/FABP7/APOD/REN/CEL/ABCA12/SLC13A3/ABCC11/FABP6/CYP8B1/PCSK9/AKR1C1/PLA2G2D/SLC10A1/APOA5/PLA2G3/SLCO1B1",26
"GO:0033865","BP","GO:0033865","nucleoside bisphosphate metabolic process","12/448","122/18614",3.87458942492686e-05,0.00315103237650447,0.00289100332121838,"NUDT8/AADAT/ACSL1/PIPOX/PAPSS2/ACSF2/FAR2/SULT1A2/TDO2/SULT1E1/ACOT6/HMGCS2",12
"GO:0033875","BP","GO:0033875","ribonucleoside bisphosphate metabolic process","12/448","122/18614",3.87458942492686e-05,0.00315103237650447,0.00289100332121838,"NUDT8/AADAT/ACSL1/PIPOX/PAPSS2/ACSF2/FAR2/SULT1A2/TDO2/SULT1E1/ACOT6/HMGCS2",12
"GO:0034032","BP","GO:0034032","purine nucleoside bisphosphate metabolic process","12/448","122/18614",3.87458942492686e-05,0.00315103237650447,0.00289100332121838,"NUDT8/AADAT/ACSL1/PIPOX/PAPSS2/ACSF2/FAR2/SULT1A2/TDO2/SULT1E1/ACOT6/HMGCS2",12
"GO:0046394","BP","GO:0046394","carboxylic acid biosynthetic process","21/448","328/18614",4.97801325364419e-05,0.00387143694233599,0.0035519587617176,"GGTLC2/HAAO/GGT1/FGFR4/GGTLC1/KMO/KYNU/ALOX15B/GGT3P/LIPC/FA2H/AKR1D1/ACADL/ASS1/SCD/FADS2/CYP8B1/PRKAG3/CYP2C9/APOA5/PLA2G3",21
"GO:0016101","BP","GO:0016101","diterpenoid metabolic process","10/448","88/18614",4.98183192465312e-05,0.00387143694233599,0.0035519587617176,"SRD5A1/CEL/AKR1B15/SDR16C5/AWAT2/CYP3A5/AKR1B10/ADH1C/UGT1A9/AKR1C1",10
"GO:0016053","BP","GO:0016053","organic acid biosynthetic process","21/448","331/18614",5.67505771742832e-05,0.00431427757344497,0.00395825535989051,"GGTLC2/HAAO/GGT1/FGFR4/GGTLC1/KMO/KYNU/ALOX15B/GGT3P/LIPC/FA2H/AKR1D1/ACADL/ASS1/SCD/FADS2/CYP8B1/PRKAG3/CYP2C9/APOA5/PLA2G3",21
"GO:0030647","BP","GO:0030647","aminoglycoside antibiotic metabolic process","4/448","10/18614",6.19673342046449e-05,0.00443582120734277,0.00406976898694543,"AKR1C2/AKR1B10/AKR1C1/SLC34A1",4
"GO:1901750","BP","GO:1901750","leukotriene D4 biosynthetic process","4/448","10/18614",6.19673342046449e-05,0.00443582120734277,0.00406976898694543,"GGTLC2/GGT1/GGTLC1/GGT3P",4
"GO:0006749","BP","GO:0006749","glutathione metabolic process","8/448","57/18614",6.21547724220176e-05,0.00443582120734277,0.00406976898694543,"G6PD/GGTLC2/GGT1/GGTLC1/IDH1/GGT3P/CHAC1/GSTA3",8
"GO:0042180","BP","GO:0042180","cellular ketone metabolic process","16/448","216/18614",7.23700220290447e-05,0.00506155934071139,0.00464387004514796,"STARD3/MFSD2A/FGFR4/KMO/KYNU/AADAT/FMO4/SRD5A1/ACADL/AKR1C2/TDO2/AKR1B10/SRD5A2/AKR1C1/APOA5/PLA2G3",16
"GO:0003018","BP","GO:0003018","vascular process in circulatory system","18/448","265/18614",8.05655607990796e-05,0.0055242699238114,0.00506839688989875,"ABCC2/MFSD2A/ABCC3/C2CD4A/ABCC4/C2CD4B/ACE2/SLC15A2/MYLK3/SLC16A2/SLC13A3/FGG/KCNMB2/SLC6A17/CD38/SLC5A1/FGB/UTS2",18
"GO:0006694","BP","GO:0006694","steroid biosynthetic process","14/448","175/18614",8.95271034382692e-05,0.00599142932682852,0.00549700542966854,"G6PD/STARD3/SRD5A3/MED1/FGFR4/IDI1/SRD5A1/AKR1B15/AKR1D1/HSD17B2/HSD3B2/CYP8B1/SRD5A2/HMGCS2",14
"GO:0043605","BP","GO:0043605","amide catabolic process","5/448","20/18614",9.08051913988881e-05,0.00599142932682852,0.00549700542966854,"AADAT/ALDH4A1/PIPOX/PRODH/TDO2",5
"GO:0006568","BP","GO:0006568","tryptophan metabolic process","4/448","11/18614",9.55272907089384e-05,0.00607379882925741,0.00557257764748027,"HAAO/KMO/KYNU/TDO2",4
"GO:0070189","BP","GO:0070189","kynurenine metabolic process","4/448","11/18614",9.55272907089384e-05,0.00607379882925741,0.00557257764748027,"KMO/KYNU/AADAT/TDO2",4
"GO:0044242","BP","GO:0044242","cellular lipid catabolic process","16/448","222/18614",9.99519292937503e-05,0.00624164101321866,0.00572656918209306,"ETFA/NUDT8/MFSD2A/SRD5A3/GLYATL2/IDH1/LIPC/CEL/ACADL/LCT/CRAT/NEU4/ZPBP2/AKR1B10/AADAC/APOA5",16
"GO:0019362","BP","GO:0019362","pyridine nucleotide metabolic process","9/448","79/18614",0.000115845790378329,0.00692506637813904,0.00635359701415282,"G6PD/HAAO/KMO/KYNU/IDH1/IDH2/QPRT/ME1/CD38",9
"GO:0046496","BP","GO:0046496","nicotinamide nucleotide metabolic process","9/448","79/18614",0.000115845790378329,0.00692506637813904,0.00635359701415282,"G6PD/HAAO/KMO/KYNU/IDH1/IDH2/QPRT/ME1/CD38",9
"GO:0016137","BP","GO:0016137","glycoside metabolic process","5/448","21/18614",0.00011683697921367,0.00692506637813904,0.00635359701415282,"AKR1C2/AKR1B10/AKR1C1/TH/SLC34A1",5
"GO:0046942","BP","GO:0046942","carboxylic acid transport","21/448","352/18614",0.000135188169805108,0.00787921716347436,0.00722900950115734,"ABCC2/MFSD2A/ABCC3/ABCC4/KMO/SLC25A18/ACE2/ACSL1/FABP7/SLC3A1/SLC16A2/SLC13A3/ABCC11/FABP6/SLC6A17/AKR1C1/SLC6A11/PLA2G2D/SLC10A1/PLA2G3/SLCO1B1",21
"GO:1901748","BP","GO:1901748","leukotriene D4 metabolic process","4/448","12/18614",0.000140570884160103,0.00793057155709831,0.00727612603465697,"GGTLC2/GGT1/GGTLC1/GGT3P",4
"GO:0015849","BP","GO:0015849","organic acid transport","21/448","353/18614",0.000140604928950556,0.00793057155709831,0.00727612603465697,"ABCC2/MFSD2A/ABCC3/ABCC4/KMO/SLC25A18/ACE2/ACSL1/FABP7/SLC3A1/SLC16A2/SLC13A3/ABCC11/FABP6/SLC6A17/AKR1C1/SLC6A11/PLA2G2D/SLC10A1/PLA2G3/SLCO1B1",21
"GO:0010876","BP","GO:0010876","lipid localization","26/448","497/18614",0.000191297047819172,0.0106185043845023,0.00974224564332225,"STARD3/ABCC2/MFSD2A/ABCC3/ABCC4/DBI/PITPNC1/ACSL1/LBP/LIPC/FABP7/APOD/REN/CEL/ABCA12/SLC13A3/ABCC11/FABP6/CYP8B1/PCSK9/AKR1C1/PLA2G2D/SLC10A1/APOA5/PLA2G3/SLCO1B1",26
"GO:0006586","BP","GO:0006586","indolalkylamine metabolic process","4/448","13/18614",0.000199195517345512,0.0106545143363946,0.00977528398697553,"HAAO/KMO/KYNU/TDO2",4
"GO:0098739","BP","GO:0098739","import across plasma membrane","15/448","212/18614",0.000200259048002292,0.0106545143363946,0.00977528398697553,"SLC12A3/KCNJ1/ACE2/ACSL1/SLC15A2/TRPV6/SLC12A1/SLC16A2/KCNJ12/CACNA1B/KCNJ13/SLC9A2/SLC5A1/SLC34A1/SLC9A4",15
"GO:0001523","BP","GO:0001523","retinoid metabolic process","9/448","85/18614",0.000204132816854,0.0106545143363946,0.00977528398697553,"CEL/AKR1B15/SDR16C5/AWAT2/CYP3A5/AKR1B10/ADH1C/UGT1A9/AKR1C1",9
"GO:0072524","BP","GO:0072524","pyridine-containing compound metabolic process","9/448","85/18614",0.000204132816854,0.0106545143363946,0.00977528398697553,"G6PD/HAAO/KMO/KYNU/IDH1/IDH2/QPRT/ME1/CD38",9
"GO:0006690","BP","GO:0006690","icosanoid metabolic process","11/448","125/18614",0.000219502496472025,0.0112882386788628,0.0103567122174417,"GGTLC2/GGT1/GGTLC1/ALOX15B/GGT3P/CYP2J2/AKR1C2/HPGD/AKR1C1/CYP2C9/PLA2G3",11
"GO:0008207","BP","GO:0008207","C21-steroid hormone metabolic process","6/448","37/18614",0.00023201631198064,0.0117588556955985,0.0107884930422119,"STARD3/SRD5A1/AKR1D1/AKR1C2/HSD3B2/AKR1C1",6
"GO:0010232","BP","GO:0010232","vascular transport","9/448","87/18614",0.000243776666972222,0.0118985682279611,0.0109166762364208,"ABCC2/MFSD2A/ABCC3/ABCC4/SLC15A2/SLC16A2/SLC13A3/SLC6A17/SLC5A1",9
"GO:0150104","BP","GO:0150104","transport across blood-brain barrier","9/448","87/18614",0.000243776666972222,0.0118985682279611,0.0109166762364208,"ABCC2/MFSD2A/ABCC3/ABCC4/SLC15A2/SLC16A2/SLC13A3/SLC6A17/SLC5A1",9
"GO:0009913","BP","GO:0009913","epidermal cell differentiation","16/448","240/18614",0.000244980529714955,0.0118985682279611,0.0109166762364208,"MED1/ALOX15B/MYCN/FA2H/ABCA12/KRT7/KRT86/CSTA/AQP3/CDSN/CASP14/S100A7/KRT2/TMC1/KRT75/KRT3",16
"GO:0098657","BP","GO:0098657","import into cell","17/448","265/18614",0.000249585396948264,0.011956166207234,0.0109695211232633,"SLC12A3/KCNJ1/ACE2/ACSL1/SLC15A2/TRPV6/SLC12A1/SLC16A2/KCNJ12/CACNA1B/KCNJ13/RAB3B/SLC9A2/SLC5A1/SLC6A11/SLC34A1/SLC9A4",17
"GO:0042572","BP","GO:0042572","retinol metabolic process","7/448","53/18614",0.000264427815884683,0.0124960009749829,0.0114648077214298,"CEL/AKR1B15/SDR16C5/AWAT2/CYP3A5/AKR1B10/ADH1C",7
"GO:0072350","BP","GO:0072350","tricarboxylic acid metabolic process","4/448","14/18614",0.000273588383544736,0.0127565143634126,0.0117038230602717,"IDH1/IDH2/ASS1/SLC34A1",4
"GO:0006790","BP","GO:0006790","sulfur compound metabolic process","19/448","319/18614",0.000284540621158902,0.0130926125288511,0.0120121857796722,"GGTLC2/NUDT8/GGT1/GGTLC1/AADAT/ACSL1/GGT3P/PIPOX/PAPSS2/ACSF2/FAR2/B3GNT3/GNMT/SULT1A2/TDO2/HS6ST2/SULT1E1/ACOT6/HMGCS2",19
"GO:0030216","BP","GO:0030216","keratinocyte differentiation","13/448","174/18614",0.00031100248739399,0.0141243597196985,0.0129587912724113,"MED1/ALOX15B/ABCA12/KRT7/KRT86/CSTA/AQP3/CDSN/CASP14/S100A7/KRT2/KRT75/KRT3",13
"GO:0018958","BP","GO:0018958","phenol-containing compound metabolic process","10/448","111/18614",0.000348388412730872,0.0156194138374341,0.0143304707422901,"MED1/DIO2/PNMT/SRD5A1/SLC16A2/IYD/SULT1A2/CRYM/DDC/TH",10
"GO:0015711","BP","GO:0015711","organic anion transport","23/448","433/18614",0.000358011770012502,0.0158016938521777,0.0144977086710226,"ABCC2/MFSD2A/ABCC3/SLC35B1/ABCC4/KMO/SLC25A18/ACE2/ACSL1/FABP7/SLC3A1/SLC16A2/SLC13A3/ABCC11/FABP6/SLCO1B7/SLC6A17/AKR1C1/SLC6A11/PLA2G2D/SLC10A1/PLA2G3/SLCO1B1",23
"GO:0045109","BP","GO:0045109","intermediate filament organization","8/448","73/18614",0.000361663627773687,0.0158016938521777,0.0144977086710226,"KRT20/KRT7/KRT86/KRT24/KRT12/KRT2/KRT75/KRT3",8
"GO:0034310","BP","GO:0034310","primary alcohol catabolic process","4/448","15/18614",0.000366010066350126,0.0158016938521777,0.0144977086710226,"ALDH3B2/SULT1A2/SULT1E1/AKR1B10",4
"GO:1901616","BP","GO:1901616","organic hydroxy compound catabolic process","8/448","74/18614",0.000397118623877215,0.016935656435349,0.0155380945517041,"SRD5A3/DIO2/ALDH3B2/AKR1D1/LCT/SULT1A2/SULT1E1/AKR1B10",8
"GO:0042403","BP","GO:0042403","thyroid hormone metabolic process","5/448","27/18614",0.000411528794796603,0.0173387493422135,0.0159079234818015,"MED1/DIO2/SLC16A2/IYD/CRYM",5
"GO:0002526","BP","GO:0002526","acute inflammatory response","10/448","114/18614",0.000431610896069018,0.0177332250585476,0.0162698463279662,"C2CD4A/C2CD4B/LBP/MYLK3/EPO/ASS1/S100A8/PLA2G2D/ORM2/ORM1",10
"GO:0006637","BP","GO:0006637","acyl-CoA metabolic process","9/448","94/18614",0.000436104476704344,0.0177332250585476,0.0162698463279662,"NUDT8/AADAT/ACSL1/PIPOX/ACSF2/FAR2/TDO2/ACOT6/HMGCS2",9
"GO:0035383","BP","GO:0035383","thioester metabolic process","9/448","94/18614",0.000436104476704344,0.0177332250585476,0.0162698463279662,"NUDT8/AADAT/ACSL1/PIPOX/ACSF2/FAR2/TDO2/ACOT6/HMGCS2",9
"GO:0098659","BP","GO:0098659","inorganic cation import across plasma membrane","11/448","136/18614",0.000455427171975975,0.0180980547772726,0.0166045696194111,"SLC12A3/KCNJ1/TRPV6/SLC12A1/KCNJ12/CACNA1B/KCNJ13/SLC9A2/SLC5A1/SLC34A1/SLC9A4",11
"GO:0099587","BP","GO:0099587","inorganic ion import across plasma membrane","11/448","136/18614",0.000455427171975975,0.0180980547772726,0.0166045696194111,"SLC12A3/KCNJ1/TRPV6/SLC12A1/KCNJ12/CACNA1B/KCNJ13/SLC9A2/SLC5A1/SLC34A1/SLC9A4",11
"GO:0042448","BP","GO:0042448","progesterone metabolic process","4/448","16/18614",0.000478779277821972,0.0188122599386903,0.0172598372418849,"STARD3/SRD5A1/AKR1C2/AKR1C1",4
"GO:0043588","BP","GO:0043588","skin development","18/448","308/18614",0.000511134289219691,0.0198604067711251,0.0182214890472704,"MED1/ITGB6/ALOX15B/FA2H/ABCA12/KRT7/KRT86/DKK1/CSTA/CLDN1/AQP3/TFAP2B/CDSN/CASP14/S100A7/KRT2/KRT75/KRT3",18
"GO:1901654","BP","GO:1901654","response to ketone","14/448","208/18614",0.000535509714426174,0.0204774110773537,0.0187875770100007,"SLC12A3/UGT3A2/EPO/SRD5A1/ASS1/AKR1C2/HSD3B2/CLDN1/SRD5A2/CD38/NKX2-2/TH/HMGCS2/HOXB13",14
"GO:0019674","BP","GO:0019674","NAD metabolic process","6/448","43/18614",0.000538725141297265,0.0204774110773537,0.0187875770100007,"HAAO/KMO/KYNU/QPRT/ME1/CD38",6
"GO:0007586","BP","GO:0007586","digestion","11/448","139/18614",0.00054801274889759,0.02060645788059,0.0189059746308982,"CEL/AKR1D1/PGC/AKR1C2/CYP8B1/MOGAT2/AQP5/SLC5A1/AKR1C1/MUC6/SLC9A4",11
"GO:0006570","BP","GO:0006570","tyrosine metabolic process","4/448","17/18614",0.000614258676934193,0.0225591156929136,0.0206974954869589,"HPD/IYD/HGD/TH",4
"GO:0009068","BP","GO:0009068","aspartate family amino acid catabolic process","4/448","17/18614",0.000614258676934193,0.0225591156929136,0.0206974954869589,"AADAT/PIPOX/ASRGL1/CRYM",4
"GO:0009064","BP","GO:0009064","glutamine family amino acid metabolic process","8/448","79/18614",0.000619295140554676,0.0225591156929136,0.0206974954869589,"GGT1/AADAT/ALDH4A1/ASRGL1/PRODH/ASS1/RIMKLA/GLYATL1",8
"GO:0001889","BP","GO:0001889","liver development","11/448","142/18614",0.000655811326622983,0.0236430124659853,0.0216919470813549,"MED1/SRD5A1/ONECUT2/ASS1/CLDN1/PCSK9/CPB2/FGL1/UGT1A9/ONECUT1/HMGCS2",11
"GO:1901264","BP","GO:1901264","carbohydrate derivative transport","8/448","80/18614",0.000673906032809215,0.0240474428238146,0.0220630030934746,"MFSD2A/ABCC3/SLC35B1/ABCC4/LBP/SLC15A2/GJB1/SLC5A1",8
"GO:0006641","BP","GO:0006641","triglyceride metabolic process","9/448","100/18614",0.000687283575315168,0.0242770774027994,0.0222736877996878,"MFSD2A/ACSL1/LIPC/PCSK9/MOGAT2/THRSP/AADAC/APOA5/CAV3",9
"GO:0070542","BP","GO:0070542","response to fatty acid","7/448","63/18614",0.000772340420231951,0.0270087444955113,0.0247799326407051,"ACSL1/ASS1/SCD/AKR1C2/CLDN1/AKR1C1/HMGCS2",7
"GO:0061008","BP","GO:0061008","hepaticobiliary system development","11/448","145/18614",0.000780706866219634,0.0270310090214857,0.0248003598565653,"MED1/SRD5A1/ONECUT2/ASS1/CLDN1/PCSK9/CPB2/FGL1/UGT1A9/ONECUT1/HMGCS2",11
"GO:0008544","BP","GO:0008544","epidermis development","20/448","375/18614",0.000811071293642359,0.0278070226849738,0.0255123354285027,"MED1/ALOX15B/MYCN/FA2H/ABCA12/KRT7/KRT86/DKK1/CSTA/CLDN1/AQP3/CALML5/CDSN/CASP14/S100A7/KRT2/TMC1/KRT75/HOXB13/KRT3",20
"GO:0031424","BP","GO:0031424","keratinization","8/448","83/18614",0.000861409885871879,0.0292461201057666,0.0268326758521971,"ABCA12/KRT7/KRT86/CDSN/CASP14/KRT2/KRT75/KRT3",8
"GO:0009066","BP","GO:0009066","aspartate family amino acid metabolic process","6/448","47/18614",0.00087507872595314,0.0294245221601743,0.0269963558370969,"AADAT/PIPOX/ASRGL1/ASS1/GNMT/CRYM",6
"GO:0072330","BP","GO:0072330","monocarboxylic acid biosynthetic process","14/448","220/18614",0.000928490001660543,0.0304823778193516,0.0279669152787754,"FGFR4/KMO/ALOX15B/LIPC/FA2H/AKR1D1/ACADL/SCD/FADS2/CYP8B1/PRKAG3/CYP2C9/APOA5/PLA2G3",14
"GO:0006084","BP","GO:0006084","acetyl-CoA metabolic process","5/448","32/18614",0.000929938901660714,0.0304823778193516,0.0279669152787754,"NUDT8/AADAT/PIPOX/TDO2/HMGCS2",5
"GO:0071715","BP","GO:0071715","icosanoid transport","7/448","65/18614",0.00093268928414945,0.0304823778193516,0.0279669152787754,"ABCC2/ABCC3/ABCC4/ABCC11/PLA2G2D/PLA2G3/SLCO1B1",7
"GO:1902652","BP","GO:1902652","secondary alcohol metabolic process","11/448","150/18614",0.00103244639438536,0.0334302318626444,0.0306715069209218,"G6PD/STARD3/IDI1/IDH1/IDH2/LIPC/AKR1D1/ACADL/PCSK9/CYP2C9/HMGCS2",11
"GO:0006639","BP","GO:0006639","acylglycerol metabolic process","10/448","128/18614",0.0010688185554425,0.0342904448475451,0.031460733529587,"MFSD2A/ACSL1/LIPC/AWAT2/PCSK9/MOGAT2/THRSP/AADAC/APOA5/CAV3",10
"GO:0006638","BP","GO:0006638","neutral lipid metabolic process","10/448","129/18614",0.00113434525429434,0.0360618668569755,0.0330859744984607,"MFSD2A/ACSL1/LIPC/AWAT2/PCSK9/MOGAT2/THRSP/AADAC/APOA5/CAV3",10
"GO:0021953","BP","GO:0021953","central nervous system neuron differentiation","12/448","177/18614",0.00123161657575571,0.0388014699587181,0.0355995004542759,"FAIM2/ISL2/MNX1/KNDC1/SEMA3E/CHD5/GBX2/OTP/NKX2-2/LHX1/MDGA2/LHX8",12
"GO:0060416","BP","GO:0060416","response to growth hormone","5/448","35/18614",0.00141302517687531,0.0434161370436244,0.0398333566241642,"SRD5A1/ASS1/PHEX/SLC34A1/HMGCS2",5
"GO:0071398","BP","GO:0071398","cellular response to fatty acid","5/448","35/18614",0.00141302517687531,0.0434161370436244,0.0398333566241642,"ASS1/AKR1C2/CLDN1/AKR1C1/HMGCS2",5
"GO:0006067","BP","GO:0006067","ethanol metabolic process","4/448","21/18614",0.00143135949187979,0.0434161370436244,0.0398333566241642,"ALDH3B2/SULT1A2/SULT1E1/ADH1C",4
"GO:0019370","BP","GO:0019370","leukotriene biosynthetic process","4/448","21/18614",0.00143135949187979,0.0434161370436244,0.0398333566241642,"GGTLC2/GGT1/GGTLC1/GGT3P",4
"GO:0051262","BP","GO:0051262","protein tetramerization","8/448","90/18614",0.00146343844463523,0.0434161370436244,0.0398333566241642,"RRM2/ME1/KCNJ12/GNMT/TDO2/AQP5/GRIN2B/AQP2",8
"GO:0030638","BP","GO:0030638","polyketide metabolic process","3/448","10/18614",0.00146499976298189,0.0434161370436244,0.0398333566241642,"AKR1C2/AKR1B10/AKR1C1",3
"GO:0044598","BP","GO:0044598","doxorubicin metabolic process","3/448","10/18614",0.00146499976298189,0.0434161370436244,0.0398333566241642,"AKR1C2/AKR1B10/AKR1C1",3
"GO:0045104","BP","GO:0045104","intermediate filament cytoskeleton organization","8/448","92/18614",0.00168577850975223,0.0495392222571726,0.0454511534517894,"KRT20/KRT7/KRT86/KRT24/KRT12/KRT2/KRT75/KRT3",8
"GO:0016324","CC","GO:0016324","apical plasma membrane","25/470","381/19518",6.49686126372363e-06,0.00240383866757774,0.00233887005494051,"ERBB2/ABCC2/SLC12A3/ABCC4/ENPP3/ACY3/SLC5A11/ACE2/SLC15A2/SLC3A1/SLC12A1/SLC16A2/CEACAM7/ABCC11/LCT/CEACAM6/CEACAM5/CLDN1/ATP6V0A4/AQP5/UPK1A/SLC5A1/SLC34A1/AQP2/SLC9A4",25
"GO:0045177","CC","GO:0045177","apical part of cell","26/470","446/19518",3.35255192175853e-05,0.00620222105525328,0.00603459345916535,"ERBB2/ABCC2/SLC12A3/ABCC4/ENPP3/ACY3/SLC5A11/ACE2/REN/SLC15A2/SLC3A1/SLC12A1/SLC16A2/CEACAM7/ABCC11/LCT/CEACAM6/CEACAM5/CLDN1/ATP6V0A4/AQP5/UPK1A/SLC5A1/SLC34A1/AQP2/SLC9A4",26
"GO:0009925","CC","GO:0009925","basal plasma membrane","17/470","266/19518",0.000263970961557562,0.0325564185920993,0.0316765153869074,"ERBB2/ABCC3/ABCC4/CLCA2/SLC13A3/CLDN8/HPGD/CEACAM5/CLDN1/ATP6V0A4/AQP3/AQP5/CD38/AQP2/SLC10A1/SLC9A4/SLCO1B1",17
"GO:0016323","CC","GO:0016323","basolateral plasma membrane","15/470","234/19518",0.000578493199134815,0.0370197869294731,0.0360192521475955,"ERBB2/ABCC3/ABCC4/SLC13A3/CLDN8/HPGD/CEACAM5/CLDN1/ATP6V0A4/AQP3/CD38/AQP2/SLC10A1/SLC9A4/SLCO1B1",15
"GO:0045178","CC","GO:0045178","basal part of cell","17/470","285/19518",0.000582936057681866,0.0370197869294731,0.0360192521475955,"ERBB2/ABCC3/ABCC4/CLCA2/SLC13A3/CLDN8/HPGD/CEACAM5/CLDN1/ATP6V0A4/AQP3/AQP5/CD38/AQP2/SLC10A1/SLC9A4/SLCO1B1",17
"GO:0005777","CC","GO:0005777","peroxisome","11/470","143/19518",0.000700374347314356,0.0370197869294731,0.0360192521475955,"SERHL2/IDI1/IDH1/ACSL1/IDH2/PIPOX/MPV17L/FAR2/CRAT/CRYM/ACOT6",11
"GO:0042579","CC","GO:0042579","microbody","11/470","143/19518",0.000700374347314356,0.0370197869294731,0.0360192521475955,"SERHL2/IDI1/IDH1/ACSL1/IDH2/PIPOX/MPV17L/FAR2/CRAT/CRYM/ACOT6",11
"GO:0016616","MF","GO:0016616","oxidoreductase activity, acting on the CH-OH group of donors, NAD or NADP as acceptor","18/465","123/18369",1.99568872897263e-09,1.35706833570139e-06,1.12598858813613e-06,"G6PD/ABCC4/IDH1/IDH2/CBR3/AKR1B15/AKR1D1/ME1/HSD17B2/SDR16C5/AKR1C2/HPGD/HSD3B2/AKR1E2/AKR1B10/SRD5A2/ADH1C/AKR1C1",18
"GO:0016614","MF","GO:0016614","oxidoreductase activity, acting on CH-OH group of donors","18/465","133/18369",7.15734176163821e-09,2.43349619895699e-06,2.01912378117794e-06,"G6PD/ABCC4/IDH1/IDH2/CBR3/AKR1B15/AKR1D1/ME1/HSD17B2/SDR16C5/AKR1C2/HPGD/HSD3B2/AKR1E2/AKR1B10/SRD5A2/ADH1C/AKR1C1",18
"GO:0016229","MF","GO:0016229","steroid dehydrogenase activity","9/465","35/18369",1.55425357883641e-07,3.51753404340683e-05,2.91857313818275e-05,"SRD5A3/SRD5A1/AKR1B15/AKR1D1/HSD17B2/AKR1C2/HSD3B2/SRD5A2/AKR1C1",9
"GO:0004032","MF","GO:0004032","alditol:NADP+ 1-oxidoreductase activity","6/465","12/18369",2.06913767259225e-07,3.51753404340683e-05,2.91857313818275e-05,"AKR1B15/AKR1D1/AKR1C2/AKR1E2/AKR1B10/AKR1C1",6
"GO:0022804","MF","GO:0022804","active transmembrane transporter activity","29/465","428/18369",1.65710295560344e-06,0.000225366001962068,0.000186990986148094,"ABCC2/MFSD2A/ABCC3/SLC35B1/SLC12A3/ABCC4/SLC25A18/SLC5A11/SLC15A2/SLC12A1/SLC16A2/ABCC12/ATP13A4/ABCA12/SLC13A3/ABCC11/SLC30A3/ATP13A5/SLCO1B7/ATP6V0A4/SLC9A2/SLC6A17/SLC5A1/SLC6A11/SLC34A1/ATP2B3/SLC10A1/SLC9A4/SLCO1B1",29
"GO:1901618","MF","GO:1901618","organic hydroxy compound transmembrane transporter activity","9/465","52/18369",5.52882154995632e-06,0.000626599775661716,0.000519903219434489,"ABCC3/ABCC4/SLC5A11/ABCC11/AQP3/SLC5A1/AQP2/SLC10A1/SLCO1B1",9
"GO:0008106","MF","GO:0008106","alcohol dehydrogenase (NADP+) activity","6/465","23/18369",1.78331616441069e-05,0.00161013830437531,0.00133596614728354,"AKR1B15/AKR1D1/AKR1C2/AKR1E2/AKR1B10/AKR1C1",6
"GO:0015020","MF","GO:0015020","glucuronosyltransferase activity","7/465","34/18369",1.89428035808861e-05,0.00161013830437531,0.00133596614728354,"UGT3A2/UGT1A6/UGT2B28/B3GAT1/UGT1A9/UGT2B11/UGT2B7",7
"GO:0008242","MF","GO:0008242","omega peptidase activity","5/465","15/18369",2.476746495034e-05,0.00187131957402569,0.00155267382612658,"GGTLC2/GGT1/GGTLC1/GGT3P/ASRGL1",5
"GO:0015291","MF","GO:0015291","secondary active transmembrane transporter activity","19/465","255/18369",2.87170792056313e-05,0.00195276138598293,0.00162024783728615,"MFSD2A/SLC35B1/SLC12A3/SLC25A18/SLC5A11/SLC15A2/SLC12A1/SLC16A2/SLC13A3/SLC30A3/SLCO1B7/SLC9A2/SLC6A17/SLC5A1/SLC6A11/SLC34A1/SLC10A1/SLC9A4/SLCO1B1",19
"GO:0031406","MF","GO:0031406","carboxylic acid binding","16/465","200/18369",5.22360501740473e-05,0.0029034437695948,0.0024090493196638,"OXER1/FABP7/EGLN3/S100A9/ASS1/GNMT/AKR1C2/FABP6/TDO2/S100A8/AMBP/DDC/UGT1A9/AKR1C1/GRIN2B/TH",16
"GO:0016709","MF","GO:0016709","oxidoreductase activity, acting on paired donors, with incorporation or reduction of molecular oxygen, NAD(P)H as one donor, and incorporation of one atom of oxygen","7/465","40/18369",5.75814429379953e-05,0.0029034437695948,0.0024090493196638,"KMO/FMO4/AKR1D1/AKR1C2/CYP8B1/AKR1C1/CYP2C9",7
"GO:0004497","MF","GO:0004497","monooxygenase activity","11/465","103/18369",5.96613278693848e-05,0.0029034437695948,0.0024090493196638,"KMO/FMO4/AKR1D1/CYP2J2/AKR1C2/CYP3A5/CYP8B1/CYP4Z2P/AKR1C1/CYP2C9/TH",11
"GO:0016628","MF","GO:0016628","oxidoreductase activity, acting on the CH-CH group of donors, NAD or NADP as acceptor","6/465","28/18369",5.97767834916576e-05,0.0029034437695948,0.0024090493196638,"SRD5A3/SRD5A1/AKR1D1/AKR1C2/SRD5A2/AKR1C1",6
"GO:0043225","MF","GO:0043225","ATPase-coupled inorganic anion transmembrane transporter activity","4/465","10/18369",7.54155559658005e-05,0.00341883853711629,0.00283668336825748,"ABCC2/ABCC3/ABCC4/ABCC11",4
"GO:0070003","MF","GO:0070003","threonine-type peptidase activity","5/465","19/18369",8.81923924117034e-05,0.00361031385340021,0.00299555452851782,"GGTLC2/GGT1/GGTLC1/GGT3P/ASRGL1",5
"GO:0004033","MF","GO:0004033","aldo-keto reductase (NADP) activity","6/465","30/18369",9.02578463350051e-05,0.00361031385340021,0.00299555452851782,"AKR1B15/AKR1D1/AKR1C2/AKR1E2/AKR1B10/AKR1C1",6
"GO:0022853","MF","GO:0022853","active monoatomic ion transmembrane transporter activity","17/465","233/18369",9.70222152868901e-05,0.00366528368861585,0.00304116417507445,"MFSD2A/SLC12A3/SLC25A18/SLC5A11/SLC15A2/SLC12A1/ATP13A4/SLC13A3/ATP13A5/ATP6V0A4/SLC9A2/SLC5A1/SLC6A11/SLC34A1/ATP2B3/SLC10A1/SLC9A4",17
"GO:0043177","MF","GO:0043177","organic acid binding","16/465","212/18369",0.000104298598503435,0.00366905182307438,0.00304429067673044,"OXER1/FABP7/EGLN3/S100A9/ASS1/GNMT/AKR1C2/FABP6/TDO2/S100A8/AMBP/DDC/UGT1A9/AKR1C1/GRIN2B/TH",16
"GO:0033764","MF","GO:0033764","steroid dehydrogenase activity, acting on the CH-OH group of donors, NAD or NADP as acceptor","6/465","31/18369",0.00010954669088191,0.00366905182307438,0.00304429067673044,"AKR1B15/HSD17B2/AKR1C2/HSD3B2/SRD5A2/AKR1C1",6
"GO:0015125","MF","GO:0015125","bile acid transmembrane transporter activity","5/465","20/18369",0.000115155218689237,0.00366905182307438,0.00304429067673044,"ABCC3/ABCC4/ABCC11/SLC10A1/SLCO1B1",5
"GO:0016627","MF","GO:0016627","oxidoreductase activity, acting on the CH-CH group of donors","8/465","60/18369",0.00012804520145651,0.00366905182307438,0.00304429067673044,"SRD5A3/SRD5A1/AKR1D1/ACADL/CRAT/AKR1C2/SRD5A2/AKR1C1",8
"GO:0015294","MF","GO:0015294","solute:monoatomic cation symporter activity","11/465","112/18369",0.000128063425553495,0.00366905182307438,0.00304429067673044,"MFSD2A/SLC12A3/SLC25A18/SLC5A11/SLC15A2/SLC12A1/SLC13A3/SLC5A1/SLC6A11/SLC34A1/SLC10A1",11
"GO:0046873","MF","GO:0046873","metal ion transmembrane transporter activity","25/465","435/18369",0.000129495946696743,0.00366905182307438,0.00304429067673044,"MFSD2A/SLC12A3/KCNJ1/SLC5A11/TRPV6/SLC12A1/NIPAL2/SLC13A3/SLC30A3/KCNJ12/CACNA1B/LRRC26/KCNJ13/KCNT1/SLC9A2/KCNMB2/SLC5A1/SLC6A11/GRIN2B/TMC1/SLC34A1/LRRC52/ATP2B3/SLC10A1/SLC9A4",25
"GO:0008028","MF","GO:0008028","monocarboxylic acid transmembrane transporter activity","8/465","61/18369",0.000144156977640541,0.00392106979182271,0.00325339536906652,"MFSD2A/ABCC3/ABCC4/SLC16A2/ABCC11/SLC6A11/SLC10A1/SLCO1B1",8
"GO:0015370","MF","GO:0015370","solute:sodium symporter activity","9/465","79/18369",0.00016919502768907,0.00430550420217628,0.00357236881171283,"MFSD2A/SLC12A3/SLC5A11/SLC12A1/SLC13A3/SLC5A1/SLC6A11/SLC34A1/SLC10A1",9
"GO:0016705","MF","GO:0016705","oxidoreductase activity, acting on paired donors, with incorporation or reduction of molecular oxygen","14/465","177/18369",0.000170953843321705,0.00430550420217628,0.00357236881171283,"KMO/FMO4/EGLN3/AKR1D1/CYP2J2/SCD/FADS2/AKR1C2/CYP3A5/CYP8B1/CYP4Z2P/AKR1C1/CYP2C9/TH",14
"GO:0042626","MF","GO:0042626","ATPase-coupled transmembrane transporter activity","10/465","99/18369",0.000204433875757368,0.00496482269696464,0.00411941945135147,"ABCC2/ABCC3/ABCC4/ABCC12/ATP13A4/ABCA12/ABCC11/ATP13A5/ATP6V0A4/ATP2B3",10
"GO:0015267","MF","GO:0015267","channel activity","26/465","478/18369",0.000228459385330978,0.00530173389398326,0.00439896186869199,"KCNJ1/TRPV6/CLCA2/CLIC3/GJB1/KCNJ12/CACNA1B/LRRC26/GABRE/KCNJ13/KCNT1/AQP3/KCNMB2/BEST3/AQP5/CHRNA4/AQP12B/GRIN2B/CNGB1/TMC1/LRRC52/HTR3A/AQP2/CNGA2/OTOP3/CNGB3",26
"GO:0022803","MF","GO:0022803","passive transmembrane transporter activity","26/465","479/18369",0.000236002679793032,0.00530173389398326,0.00439896186869199,"KCNJ1/TRPV6/CLCA2/CLIC3/GJB1/KCNJ12/CACNA1B/LRRC26/GABRE/KCNJ13/KCNT1/AQP3/KCNMB2/BEST3/AQP5/CHRNA4/AQP12B/GRIN2B/CNGB1/TMC1/LRRC52/HTR3A/AQP2/CNGA2/OTOP3/CNGB3",26
"GO:0015166","MF","GO:0015166","polyol transmembrane transporter activity","4/465","13/18369",0.000241696692225707,0.00530173389398326,0.00439896186869199,"SLC5A11/AQP3/SLC5A1/AQP2",4
"GO:0016702","MF","GO:0016702","oxidoreductase activity, acting on single donors with incorporation of molecular oxygen, incorporation of two atoms of oxygen","5/465","24/18369",0.000290389356855097,0.00617077383317081,0.00512002287086619,"HAAO/ALOX15B/HPD/TDO2/HGD",5
"GO:0015293","MF","GO:0015293","symporter activity","12/465","144/18369",0.000304702329452408,0.00627871466750416,0.0052095836869694,"MFSD2A/SLC12A3/SLC25A18/SLC5A11/SLC15A2/SLC12A1/SLC13A3/SLC6A17/SLC5A1/SLC6A11/SLC34A1/SLC10A1",12
"GO:0008559","MF","GO:0008559","ABC-type xenobiotic transporter activity","4/465","14/18369",0.00033163064819624,0.00663261296392479,0.00550322066356608,"ABCC2/ABCC3/ABCC4/ABCC11",4
"GO:0016701","MF","GO:0016701","oxidoreductase activity, acting on single donors with incorporation of molecular oxygen","5/465","25/18369",0.000355494258411248,0.00677555861035508,0.00562182572004694,"HAAO/ALOX15B/HPD/TDO2/HGD",5
"GO:0050661","MF","GO:0050661","NADP binding","7/465","53/18369",0.000358706044077622,0.00677555861035508,0.00562182572004694,"G6PD/IDH1/FMO4/CBR3/SRD5A1/ME1/CRYM",7
"GO:0005506","MF","GO:0005506","iron ion binding","12/465","152/18369",0.000498873730427358,0.00916849018082712,0.00760729216242002,"HAAO/ALOX15B/RRM2/EGLN3/FA2H/CYP2J2/SCD/CYP3A5/CYP8B1/CYP4Z2P/CYP2C9/TH",12
"GO:0005372","MF","GO:0005372","water transmembrane transporter activity","4/465","17/18369",0.000742353084106184,0.0132528367647022,0.0109961617738086,"AQP3/AQP5/SLC5A1/AQP2",4
"GO:0042910","MF","GO:0042910","xenobiotic transmembrane transporter activity","5/465","30/18369",0.000859253759695197,0.0132528367647022,0.0109961617738086,"ABCC2/ABCC3/ABCC4/ABCC11/SLC6A11",5
"GO:0046943","MF","GO:0046943","carboxylic acid transmembrane transporter activity","12/465","162/18369",0.000879130219847487,0.0132528367647022,0.0109961617738086,"ABCC2/MFSD2A/ABCC3/ABCC4/SLC25A18/SLC3A1/SLC16A2/SLC13A3/ABCC11/SLC6A11/SLC10A1/SLCO1B1",12
"GO:0015276","MF","GO:0015276","ligand-gated monoatomic ion channel activity","11/465","140/18369",0.000880165256053462,0.0132528367647022,0.0109961617738086,"KCNJ1/CLCA2/KCNJ12/GABRE/KCNJ13/CHRNA4/GRIN2B/CNGB1/HTR3A/CNGA2/CNGB3",11
"GO:0022834","MF","GO:0022834","ligand-gated channel activity","11/465","140/18369",0.000880165256053462,0.0132528367647022,0.0109961617738086,"KCNJ1/CLCA2/KCNJ12/GABRE/KCNJ13/CHRNA4/GRIN2B/CNGB1/HTR3A/CNGA2/CNGB3",11
"GO:0022836","MF","GO:0022836","gated channel activity","18/465","308/18369",0.000913692858836224,0.0132528367647022,0.0109961617738086,"KCNJ1/CLCA2/CLIC3/KCNJ12/CACNA1B/LRRC26/GABRE/KCNJ13/KCNT1/KCNMB2/CHRNA4/GRIN2B/CNGB1/TMC1/LRRC52/HTR3A/CNGA2/CNGB3",18
"GO:0022839","MF","GO:0022839","monoatomic ion gated channel activity","18/465","308/18369",0.000913692858836224,0.0132528367647022,0.0109961617738086,"KCNJ1/CLCA2/CLIC3/KCNJ12/CACNA1B/LRRC26/GABRE/KCNJ13/KCNT1/KCNMB2/CHRNA4/GRIN2B/CNGB1/TMC1/LRRC52/HTR3A/CNGA2/CNGB3",18
"GO:0005342","MF","GO:0005342","organic acid transmembrane transporter activity","12/465","163/18369",0.000927790039154863,0.0132528367647022,0.0109961617738086,"ABCC2/MFSD2A/ABCC3/ABCC4/SLC25A18/SLC3A1/SLC16A2/SLC13A3/ABCC11/SLC6A11/SLC10A1/SLCO1B1",12
"GO:0015103","MF","GO:0015103","inorganic anion transmembrane transporter activity","11/465","141/18369",0.000933424426782782,0.0132528367647022,0.0109961617738086,"ABCC2/ABCC3/SLC12A3/ABCC4/SLC12A1/CLCA2/CLIC3/ABCC11/GABRE/BEST3/SLC6A11",11
"GO:0033293","MF","GO:0033293","monocarboxylic acid binding","8/465","80/18369",0.000934341963685896,0.0132528367647022,0.0109961617738086,"OXER1/FABP7/S100A9/AKR1C2/FABP6/S100A8/UGT1A9/AKR1C1",8
"GO:0004303","MF","GO:0004303","estradiol 17-beta-dehydrogenase activity","4/465","18/18369",0.00093549435986133,0.0132528367647022,0.0109961617738086,"AKR1B15/HSD17B2/AKR1C2/AKR1C1",4
"GO:0008194","MF","GO:0008194","UDP-glycosyltransferase activity","11/465","143/18369",0.00104795524987687,0.0145430524472708,0.0120666812875188,"B4GALNT2/GALNT12/UGT3A2/B3GNT3/UGT1A6/UGT2B28/B3GAT1/UGT1A9/UGT2B11/UGT2B7/B3GNT6",11
"GO:0016757","MF","GO:0016757","glycosyltransferase activity","16/465","266/18369",0.00128347789604035,0.0174552993861487,0.0144830347847921,"B4GALNT2/GALNT12/UGT3A2/FUT3/ST6GAL1/QPRT/B3GNT3/UGT1A6/ST6GALNAC1/UGT2B28/B3GAT1/ART1/UGT1A9/UGT2B11/UGT2B7/B3GNT6",16
"GO:0140359","MF","GO:0140359","ABC-type transporter activity","6/465","49/18369",0.00141713941816719,0.0188951922422291,0.0156777446468031,"ABCC2/ABCC3/ABCC4/ABCC12/ABCA12/ABCC11",6
"GO:0099094","MF","GO:0099094","ligand-gated monoatomic cation channel activity","9/465","108/18369",0.00168996392332058,0.0213294023983232,0.0176974608134694,"KCNJ1/KCNJ12/KCNJ13/CHRNA4/GRIN2B/CNGB1/HTR3A/CNGA2/CNGB3",9
"GO:0016813","MF","GO:0016813","hydrolase activity, acting on carbon-nitrogen (but not peptide) bonds, in linear amidines","3/465","10/18369",0.00169380548457272,0.0213294023983232,0.0176974608134694,"PADI3/PADI2/PADI1",3
"GO:0050786","MF","GO:0050786","RAGE receptor binding","3/465","10/18369",0.00169380548457272,0.0213294023983232,0.0176974608134694,"S100A9/S100A8/S100A7",3
"GO:0015081","MF","GO:0015081","sodium ion transmembrane transporter activity","11/465","155/18369",0.00200423842728271,0.0243718754505977,0.0202218656989479,"MFSD2A/SLC12A3/SLC5A11/SLC12A1/SLC13A3/SLC9A2/SLC5A1/SLC6A11/SLC34A1/SLC10A1/SLC9A4",11
"GO:0030280","MF","GO:0030280","structural constituent of skin epidermis","5/465","36/18369",0.00200709562534334,0.0243718754505977,0.0202218656989479,"KRT7/KRT86/KRT2/KRT75/KRT3",5
"GO:0015079","MF","GO:0015079","potassium ion transmembrane transporter activity","11/465","157/18369",0.00221715302769998,0.0254769168352636,0.0211387421419525,"SLC12A3/KCNJ1/SLC12A1/KCNJ12/LRRC26/KCNJ13/KCNT1/SLC9A2/KCNMB2/LRRC52/SLC9A4",11
"GO:0008514","MF","GO:0008514","organic anion transmembrane transporter activity","14/465","230/18369",0.00226162567261557,0.0254769168352636,0.0211387421419525,"ABCC2/MFSD2A/ABCC3/SLC35B1/ABCC4/SLC25A18/SLC3A1/SLC16A2/SLC13A3/ABCC11/SLCO1B7/SLC6A11/SLC10A1/SLCO1B1",14
"GO:0005221","MF","GO:0005221","intracellular cyclic nucleotide activated monoatomic cation channel activity","3/465","11/18369",0.00228542930433982,0.0254769168352636,0.0211387421419525,"CNGB1/CNGA2/CNGB3",3
"GO:0030283","MF","GO:0030283","testosterone dehydrogenase [NAD(P)] activity","3/465","11/18369",0.00228542930433982,0.0254769168352636,0.0211387421419525,"HSD17B2/SRD5A2/AKR1C1",3
"GO:0043855","MF","GO:0043855","cyclic nucleotide-gated monoatomic ion channel activity","3/465","11/18369",0.00228542930433982,0.0254769168352636,0.0211387421419525,"CNGB1/CNGA2/CNGB3",3
"GO:0016597","MF","GO:0016597","amino acid binding","6/465","55/18369",0.00258687283545794,0.0283721536792162,0.0235409820000927,"ASS1/GNMT/TDO2/DDC/GRIN2B/TH",6
"GO:1901682","MF","GO:1901682","sulfur compound transmembrane transporter activity","6/465","57/18369",0.0031039739289002,0.0335032106611451,0.0277983295888139,"ABCC2/ABCC3/ABCC4/SLC3A1/ABCC11/SLC6A11",6
"GO:0005216","MF","GO:0005216","monoatomic ion channel activity","21/465","432/18369",0.00347879789227511,0.036962227605423,0.0306683498397937,"KCNJ1/TRPV6/CLCA2/CLIC3/KCNJ12/CACNA1B/LRRC26/GABRE/KCNJ13/KCNT1/KCNMB2/BEST3/CHRNA4/GRIN2B/CNGB1/TMC1/LRRC52/HTR3A/CNGA2/OTOP3/CNGB3",21
"GO:0071714","MF","GO:0071714","icosanoid transmembrane transporter activity","3/465","13/18369",0.00381491681299431,0.0395333138953967,0.0328016350587192,"ABCC3/ABCC4/SLCO1B1",3
"GO:0005261","MF","GO:0005261","monoatomic cation channel activity","17/465","324/18369",0.00385934346571651,0.0395333138953967,0.0328016350587192,"KCNJ1/TRPV6/KCNJ12/CACNA1B/LRRC26/KCNJ13/KCNT1/KCNMB2/CHRNA4/GRIN2B/CNGB1/TMC1/LRRC52/HTR3A/CNGA2/OTOP3/CNGB3",17
"GO:0004190","MF","GO:0004190","aspartic-type endopeptidase activity","4/465","26/18369",0.00389519416322291,0.0395333138953967,0.0328016350587192,"REN/CTSE/PGC/PIP",4
"GO:0016758","MF","GO:0016758","hexosyltransferase activity","12/465","195/18369",0.00415627315764919,0.0415627315764919,0.0344854862616094,"B4GALNT2/GALNT12/UGT3A2/FUT3/B3GNT3/UGT1A6/UGT2B28/B3GAT1/UGT1A9/UGT2B11/UGT2B7/B3GNT6",12
"GO:0070001","MF","GO:0070001","aspartic-type peptidase activity","4/465","27/18369",0.00448251176678234,0.0441754782813332,0.0366533380167099,"REN/CTSE/PGC/PIP",4
"GO:0005546","MF","GO:0005546","phosphatidylinositol-4,5-bisphosphate binding","7/465","82/18369",0.00472965821237569,0.045001870628012,0.0373390134003319,"GSDMB/KCNJ1/RPH3A/GSDMA/SDCBP2/GSDMC/FRMPD4",7
"GO:0015250","MF","GO:0015250","water channel activity","3/465","14/18369",0.00476490394884833,0.045001870628012,0.0373390134003319,"AQP3/AQP5/AQP2",3
"GO:0044594","MF","GO:0044594","17-beta-hydroxysteroid dehydrogenase (NAD+) activity","3/465","14/18369",0.00476490394884833,0.045001870628012,0.0373390134003319,"HSD17B2/AKR1C2/AKR1C1",3
