"","category","subcategory","ID","Description","GeneRatio","BgRatio","pvalue","p.adjust","qvalue","geneID","Count"
"hsa04080","Environmental Information Processing","Signaling molecules and interaction","hsa04080","Neuroactive ligand-receptor interaction","69/567","367/8644",4.18662052889768e-16,1.2727326407849e-13,1.04445164773553e-13,"NPY1R/NPY5R/TRH/GRIA2/AGTR1/RLN2/GABRP/PYY/GRIA1/GLRA3/GRPR/PTGER3/CGA/EDN3/OPRL1/GLRB/LYPD6/TAC1/CHRM3/CHRNA9/GRIK1/LEP/GRIK3/ADCYAP1/RLN1/NTS/CCKBR/KISS1R/VIPR2/PTGER2/PTGFR/NPY2R/QRFPR/HTR2A/GLP1R/CTSG/CRHR1/PRSS1/NMUR1/CHRNB2/GRIN2C/GRIK4/PRSS3/GABRA5/ADRA1D/CNR1/ADRA1A/GRIN2A/GRM3/ADRB1/GRM7/GABRR1/GHRH/TACR1/DRD2/HTR1E/NPY/P2RY4/GRM4/GABRB1/CCKAR/CALCA/GABRG1/GABBR2/NTSR2/OPRK1/GABRA4/GABRA1/LHCGR",69
"hsa04020","Environmental Information Processing","Signal transduction","hsa04020","Calcium signaling pathway","41/567","253/8644",4.96076360502837e-08,7.54036067964312e-06,6.1878998652196e-06,"AGTR1/ADCY1/NTRK3/NTRK2/FGF10/GRPR/FGF2/PTGER3/FGFR2/PLCD3/PDE1C/CACNA1F/CHRM3/FGF9/TNNC1/MST1/RYR3/CCKBR/CASQ1/PTGFR/HTR2A/CACNA1G/CASQ2/GRIN2C/CALML3/FGFR3/ADRA1D/ATP2B2/ADRA1A/ERBB4/ADCY8/GRIN2A/ADRB1/TACR1/FGF19/SMIM6/FGF17/CCKAR/FGF20/FGF21/LHCGR",41
"hsa05033","Human Diseases","Substance dependence","hsa05033","Nicotine addiction","13/567","40/8644",8.41648133060092e-07,8.5287010816756e-05,6.99896868544708e-05,"GRIA2/GABRP/GRIA1/CHRNB2/GRIN2C/GABRA5/GRIN2A/GABRR1/SLC17A8/GABRB1/GABRG1/GABRA4/GABRA1",13
"hsa04923","Organismal Systems","Endocrine system","hsa04923","Regulation of lipolysis in adipocytes","15/567","58/8644",3.16206293633944e-06,0.000240316783161797,0.000197212872608539,"NPY1R/ADCY1/IRS2/IRS1/PTGER3/CGA/PTGS2/IRS4/CIDEC/PLIN1/FABP4/ADCY8/AQP7/ADRB1/NPY",15
"hsa04151","Environmental Information Processing","Signal transduction","hsa04151","PI3K-Akt signaling pathway","46/567","359/8644",7.73645941559096e-06,0.000406765808738435,0.000333807121437012,"COL2A1/IGF1R/BCL2/NTRK2/SGK3/FGF10/IRS1/FGF2/FGFR2/LAMA3/CHAD/BDNF/ARTN/ITGA10/MAGI2/ITGA7/MYC/FGF9/SGK2/NTF4/ITGB8/CCND1/GNG3/MYB/COL9A3/IGF2/AREG/COL9A1/NGFR/NR4A1/NRTN/NTF3/THBS4/FGFR3/LAMC3/VTN/ERBB4/PCK1/FGF19/COL4A6/ANGPT4/FGF17/G6PC2/GYS2/FGF20/FGF21",46
"hsa04915","Organismal Systems","Endocrine system","hsa04915","Estrogen signaling pathway","24/567","137/8644",8.02827254089017e-06,0.000406765808738435,0.000333807121437012,"PGR/ESR1/BCL2/ADCY1/SHC4/KRT14/KRT31/KRT16/TFF1/KCNJ3/KRT17/KRT13/KRT15/FOS/CALML3/KRT37/KRT33A/ADCY8/GNAO1/KRT23/GABBR2/KRT38/KRT34/KRT9",24
"hsa04974","Organismal Systems","Digestive system","hsa04974","Protein digestion and absorption","20/567","103/8644",9.40095857431024e-06,0.000408270200941473,0.000335041681520531,"COL2A1/CPB1/COL27A1/KCNK5/ELN/ATP1A2/COL17A1/COL9A3/COL14A1/COL9A1/PRSS1/COL22A1/PRSS3/CPA1/COL28A1/COL4A6/SLC1A1/ATP1A4/CPA2/PGA3",20
"hsa04724","Organismal Systems","Nervous system","hsa04724","Glutamatergic synapse","21/567","115/8644",1.52880841100341e-05,0.000580947196181297,0.000476746833431327,"GRIA2/ADCY1/GRIA1/GLS2/KCNJ3/DLGAP1/GRIK1/GRIK3/SLC1A2/GNG3/PLA2G4A/GRIN2C/GRIK4/ADCY8/GRIN2A/GRM3/GRM7/GNAO1/SLC17A8/GRM4/SLC1A1",21
"hsa04261","Organismal Systems","Circulatory system","hsa04261","Adrenergic signaling in cardiomyocytes","25/567","154/8644",2.05990218224165e-05,0.000695789181557179,0.000570990429463474,"BCL2/AGTR1/ADCY1/CACNB2/SCN4B/CACNA1F/TNNC1/CACNA2D3/ATP1A2/SCN5A/KCNK2/KCNE1/CACNA2D2/CALML3/ADRA1D/SCN7A/ATP2B2/POPDC3/ADRA1A/ADCY8/ADRB1/ATP1A4/MYH7/CACNG6/ACTC1",25
"hsa04024","Environmental Information Processing","Signal transduction","hsa04024","cAMP signaling pathway","31/567","225/8644",6.19057434742641e-05,0.00188193460161763,0.00154438538983164,"NPY1R/GRIA2/ADCY1/GRIA1/PTGER3/CGA/EDN3/BDNF/CACNA1F/ADCYAP1/ATP1A2/FXYD1/VIPR2/PTGER2/KCNK2/GLP1R/CRHR1/GRIN2C/FOS/CALML3/ATP2B2/POPDC3/ADCY8/GRIN2A/ADRB1/DRD2/HTR1E/NPY/ATP1A4/GABBR2/LHCGR",31
"hsa00350","Metabolism","Amino acid metabolism","hsa00350","Tyrosine metabolism","10/567","36/8644",7.29432218721528e-05,0.00201588540446677,0.00165431039078471,"ALDH3A1/MAOA/MAOB/DCT/ADH1A/ADH1B/TAT/ADH4/ADH6/ADH7",10
"hsa04512","Environmental Information Processing","Signaling molecules and interaction","hsa04512","ECM-receptor interaction","16/567","89/8644",0.000188809435176231,0.00435828552327982,0.00357657087609875,"COL2A1/LAMA3/CHAD/ITGA10/ITGA7/ITGB8/SV2A/COL9A3/COL9A1/SV2B/THBS4/LAMC3/FREM1/VTN/COL4A6/FREM2",16
"hsa04727","Organismal Systems","Nervous system","hsa04727","GABAergic synapse","16/567","89/8644",0.000188809435176231,0.00435828552327982,0.00357657087609875,"ADCY1/GABRP/GLS2/ABAT/CACNA1F/GAD1/GNG3/GABRA5/ADCY8/GNAO1/GABRR1/GABRB1/GABRG1/GABBR2/GABRA4/GABRA1",16
"hsa00982","Metabolism","Xenobiotics biodegradation and metabolism","hsa00982","Drug metabolism - cytochrome P450","14/567","72/8644",0.000200710517519466,0.00435828552327982,0.00357657087609875,"CYP2A6/CYP2A7/ALDH3A1/CYP2B6/MAOA/GSTM5/MAOB/CYP2C8/ADH1A/ADH1B/FMO2/ADH4/ADH6/ADH7",14
"hsa04927","Organismal Systems","Endocrine system","hsa04927","Cortisol synthesis and secretion","13/567","65/8644",0.000251364502614447,0.0049225266923704,0.00403960812358651,"AGTR1/ADCY1/SCARB1/CACNA1F/KCNK2/CACNA1G/KCNK3/MRAP/NR4A1/NR0B1/ADCY8/NR5A1/KCNA4",13
"hsa05030","Human Diseases","Substance dependence","hsa05030","Cocaine addiction","11/567","49/8644",0.000259080352230021,0.0049225266923704,0.00403960812358651,"GRIA2/RGS9/BDNF/MAOA/MAOB/GRIN2C/FOSB/GRIN2A/SLC18A1/GRM3/DRD2",11
"hsa04972","Organismal Systems","Digestive system","hsa04972","Pancreatic secretion","17/567","102/8644",0.000309843797592082,0.00530062559240257,0.00434989011564893,"CPB1/ADCY1/CHRM3/ATP1A2/CLCA4/CA2/PRSS1/PRSS3/ATP2B2/CPA1/ADCY8/PNLIPRP2/PLA2G10/CCKAR/ATP1A4/CPA2/AMY1A",17
"hsa03320","Organismal Systems","Endocrine system","hsa03320","PPAR signaling pathway","14/567","75/8644",0.0003138528311291,0.00530062559240257,0.00434989011564893,"PLIN5/ME3/SLC27A6/UCP1/PLIN4/APOA1/ADIPOQ/PLIN1/ACSL6/SLC27A2/FABP4/LPL/PCK1/AQP7",14
"hsa00830","Metabolism","Metabolism of cofactors and vitamins","hsa00830","Retinol metabolism","13/567","68/8644",0.000400524217665817,0.00640838748265308,0.0052589606419279,"CYP2A6/CYP2A7/CYP2B6/RDH5/CYP2C8/ADH1A/ADH1B/ADH4/CYP3A7/CYP1A1/ADH6/RPE65/ADH7",13
"hsa00910","Metabolism","Energy metabolism","hsa00910","Nitrogen metabolism","6/567","17/8644",0.000514089126618264,0.00781415472459762,0.00641258542150151,"CA3/CA6/CA14/CA12/CA2/CA4",6
"hsa04970","Organismal Systems","Digestive system","hsa04970","Salivary secretion","15/567","93/8644",0.000979886877561553,0.0141252161014945,0.0115916766483871,"ADCY1/CST5/CHRM3/ATP1A2/RYR3/CST2/MUC7/CALML3/ADRA1D/ATP2B2/ADRA1A/ADCY8/ADRB1/ATP1A4/AMY1A",15
"hsa05414","Human Diseases","Cardiovascular disease","hsa05414","Dilated cardiomyopathy","16/567","103/8644",0.00102221958629237,0.0141252161014945,0.0115916766483871,"ADCY1/ITGA10/CACNB2/ITGA7/CACNA1F/TNNC1/CACNA2D3/ITGB8/SGCG/DES/CACNA2D2/ADCY8/ADRB1/MYH7/CACNG6/ACTC1",16
"hsa04726","Organismal Systems","Nervous system","hsa04726","Serotonergic synapse","17/567","115/8644",0.00127244858261433,0.0168184508310763,0.0138018450379678,"KCNJ3/TPH1/PTGS2/CACNA1F/GNG3/ALOX12/PLA2G4A/HTR2A/MAOA/SLC6A4/MAOB/CYP2C8/SLC18A1/GNAO1/HTR1E/GABRB1/ALOX12B",17
"hsa05150","Human Diseases","Infectious disease: bacterial","hsa05150","Staphylococcus aureus infection","15/567","96/8644",0.00136783563259523,0.0173259180128729,0.014218291444082,"DSG1/KRT14/KRT31/KRT16/KRT17/KRT13/KRT15/CFD/KRT37/KRT33A/MASP1/KRT23/KRT38/KRT34/KRT9",15
"hsa04713","Organismal Systems","Environmental adaptation","hsa04713","Circadian entrainment","15/567","97/8644",0.00152284916180455,0.0185178458075433,0.0151964316356917,"GRIA2/ADCY1/GRIA1/NOS1AP/KCNJ3/ADCYAP1/GNG3/RYR3/CACNA1G/GRIN2C/FOS/CALML3/ADCY8/GRIN2A/GNAO1",15
"hsa05032","Human Diseases","Substance dependence","hsa05032","Morphine addiction","14/567","91/8644",0.00227086958791755,0.0260723621185849,0.0213959481374814,"ADCY1/GABRP/PDE1C/KCNJ3/GNG3/GABRA5/ADCY8/GNAO1/GABRR1/GABRB1/GABRG1/GABBR2/GABRA4/GABRA1",14
"hsa00340","Metabolism","Amino acid metabolism","hsa00340","Histidine metabolism","6/567","22/8644",0.00233840081707456,0.0260723621185849,0.0213959481374814,"ALDH3A1/AMDHD1/HDC/MAOA/ASPA/MAOB",6
"hsa04010","Environmental Information Processing","Signal transduction","hsa04010","MAPK signaling pathway","33/567","301/8644",0.00240140177408019,0.0260723621185849,0.0213959481374814,"IGF1R/NTRK2/MAPT/FGF10/FGF2/FGFR2/BDNF/RASGRP1/ARTN/CACNB2/MYC/CACNA1F/FGF9/NTF4/CACNA2D3/IGF2/PLA2G4A/AREG/CACNA1G/NGFR/NR4A1/NRTN/NTF3/CACNA2D2/FOS/FGFR3/ERBB4/FGF19/ANGPT4/FGF17/CACNG6/FGF20/FGF21",33
"hsa00360","Metabolism","Amino acid metabolism","hsa00360","Phenylalanine metabolism","5/567","16/8644",0.00284033180207502,0.0297745126838209,0.0244340703118613,"ALDH3A1/PAH/MAOA/MAOB/TAT",5
"hsa04964","Organismal Systems","Excretory system","hsa04964","Proximal tubule bicarbonate reclamation","6/567","23/8644",0.00299108831405438,0.030309694915751,0.0248732607168732,"GLS2/ATP1A2/CA2/PCK1/CA4/ATP1A4",6
"hsa04742","Organismal Systems","Sensory system","hsa04742","Taste transduction","13/567","86/8644",0.00376175718590418,0.0368894898230604,0.0302728846539657,"PDE1C/KCNK5/CHRM3/SCNN1G/GABRA5/ADCY8/HTR1E/P2RY4/GRM4/CALHM1/GABBR2/GABRA4/GABRA1",13
"hsa05226","Human Diseases","Cancer: specific types","hsa05226","Gastric cancer","19/567","149/8644",0.00390334080337367,0.0370817376320499,0.0304306503420908,"BCL2/SHC4/FGF10/FGF2/WNT3/FGFR2/WNT4/WNT11/MYC/FGF9/CCND1/FZD9/CTNNA3/MUC2/FGF19/FGF17/FGF20/CDX2/FGF21",19
"hsa00980","Metabolism","Xenobiotics biodegradation and metabolism","hsa00980","Metabolism of xenobiotics by cytochrome P450","12/567","78/8644",0.00456288771370977,0.0407975842637579,0.0334800120170036,"CYP2A6/CYP2A7/ALDH3A1/CYP2B6/GSTM5/ADH1A/ADH1B/CYP2A13/ADH4/CYP1A1/ADH6/ADH7",12
"hsa04721","Organismal Systems","Nervous system","hsa04721","Synaptic vesicle cycle","12/567","78/8644",0.00456288771370977,0.0407975842637579,0.0334800120170036,"ATP6V1B1/CPLX1/SNAP25/SYT1/SLC1A2/SLC6A4/SLC18A1/CPLX2/SLC17A8/SLC6A2/SLC1A1/UNC13A",12
"hsa05031","Human Diseases","Substance dependence","hsa05031","Amphetamine addiction","11/567","69/8644",0.00492920640571759,0.0428136784953757,0.0351344937790998,"GRIA2/GRIA1/ARC/MAOA/MAOB/GRIN2C/FOS/CALML3/FOSB/GRIN2A/SLC18A1",11
"hsa04913","Organismal Systems","Endocrine system","hsa04913","Ovarian steroidogenesis","9/567","51/8644",0.00537305891712565,0.0453724975223943,0.0372343556537654,"IGF1R/ADCY1/CGA/SCARB1/PTGS2/PLA2G4A/ADCY8/CYP1A1/LHCGR",9
"hsa00590","Metabolism","Lipid metabolism","hsa00590","Arachidonic acid metabolism","10/567","61/8644",0.00588908818546181,0.0483860218481187,0.0397073655748065,"CYP2B6/PTGS2/PTGES/ALOX12/PLA2G4A/CYP2C8/ALOXE3/PLA2G10/CYP4F2/ALOX12B",10
"hsa04014","Environmental Information Processing","Signal transduction","hsa04014","Ras signaling pathway","26/567","236/8644",0.00625764943414075,0.050061195473126,0.0410820752324476,"IGF1R/NTRK2/SHC4/FGF10/FGF2/FGFR2/BDNF/RASGRP1/FGF9/NTF4/GAB2/GNG3/IGF2/PLA2G4A/NGFR/NTF3/PAK3/CALML3/FGFR3/GRIN2A/PLA2G10/FGF19/ANGPT4/FGF17/FGF20/FGF21",26
"hsa05224","Human Diseases","Cancer: specific types","hsa05224","Breast cancer","18/567","147/8644",0.00747007813354077,0.0582283013486255,0.047784305469613,"PGR/ESR1/IGF1R/SHC4/FGF10/FGF2/WNT3/WNT4/WNT11/MYC/FGF9/CCND1/FZD9/FOS/FGF19/FGF17/FGF20/FGF21",18
"hsa04723","Organismal Systems","Nervous system","hsa04723","Retrograde endocannabinoid signaling","18/567","148/8644",0.00800314994786545,0.0608239396037774,0.0499143825695819,"GRIA2/ADCY1/GABRP/GRIA1/KCNJ3/PTGS2/CACNA1F/GNG3/GABRA5/CNR1/ADCY8/GNAO1/GABRR1/SLC17A8/GABRB1/GABRG1/GABRA4/GABRA1",18
"hsa05412","Human Diseases","Cardiovascular disease","hsa05412","Arrhythmogenic right ventricular cardiomyopathy","12/567","84/8644",0.00830932012683021,0.0616105687452777,0.0505599196420734,"GJA1/ITGA10/CACNB2/ITGA7/CACNA1F/CACNA2D3/ITGB8/SGCG/DES/CACNA2D2/CTNNA3/CACNG6",12
"hsa05410","Human Diseases","Cardiovascular disease","hsa05410","Hypertrophic cardiomyopathy","13/567","97/8644",0.0104408037632695,0.0755715320008081,0.0620168043081424,"ITGA10/CACNB2/ITGA7/CACNA1F/TNNC1/CACNA2D3/ITGB8/SGCG/DES/CACNA2D2/MYH7/CACNG6/ACTC1",13
"hsa04260","Organismal Systems","Circulatory system","hsa04260","Cardiac muscle contraction","12/567","87/8644",0.0109178495317548,0.0771866571547315,0.063342235961466,"CACNB2/COX6C/CACNA1F/TNNC1/CACNA2D3/ATP1A2/CASQ2/CACNA2D2/ATP1A4/MYH7/CACNG6/ACTC1",12
"hsa04934","Human Diseases","Endocrine and metabolic disease","hsa04934","Cushing syndrome","18/567","155/8644",0.0126500370937715,0.0874002562842397,0.0717238945268865,"AGTR1/ADCY1/WNT3/SCARB1/WNT4/WNT11/CACNA1F/CCND1/KCNK2/CACNA1G/KCNK3/CRHR1/MRAP/NR4A1/FZD9/ADCY8/NR5A1/KCNA4",18
"hsa04270","Organismal Systems","Circulatory system","hsa04270","Vascular smooth muscle contraction","16/567","134/8644",0.0141637625541884,0.0956840848105173,0.0785219117039217,"AGTR1/ADCY1/RAMP1/EDN3/CACNA1F/ACTG2/RAMP3/PLA2G4A/MYH11/CALML3/ADRA1D/ADRA1A/ADCY8/PLA2G10/NPPC/CALCA",16
"hsa04814","Cellular Processes","Cell motility","hsa04814","Motor proteins","21/567","193/8644",0.0150383725346391,0.0993840271854412,0.0815582217553655,"KIF12/TUBA3D/TUBA3E/MYO3B/KIF5A/ACTG2/TNNC1/TUBB2B/DYNC1I1/DNALI1/MYO18B/DNAH9/TUBAL3/MYO15A/MYH11/MYO3A/TUBA3C/TNNI2/TNNT3/MYH7/ACTC1",21
"hsa04725","Organismal Systems","Nervous system","hsa04725","Cholinergic synapse","14/567","113/8644",0.015571739280686,0.100719334921884,0.0826540248493298,"BCL2/ADCY1/KCNJ3/CACNA1F/CHRM3/KCNQ3/GNG3/KCNQ5/CHRNB2/FOS/ADCY8/GNAO1/KCNQ4/SLC5A7",14
"hsa04015","Environmental Information Processing","Signal transduction","hsa04015","Rap1 signaling pathway","22/567","210/8644",0.0194747618414361,0.123340158329095,0.101217512202201,"IGF1R/ADCY1/PARD6B/FGF10/FGF2/FGFR2/EVL/MAGI2/FGF9/NGFR/CALML3/FGFR3/CNR1/ADCY8/GRIN2A/GNAO1/DRD2/FGF19/ANGPT4/FGF17/FGF20/FGF21",22
"hsa00071","Metabolism","Lipid metabolism","hsa00071","Fatty acid degradation","7/567","43/8644",0.0206126566230433,0.127882604355207,0.104945212022798,"ACADSB/ACSL6/ADH1A/ADH1B/ADH4/ADH6/ADH7",7
"hsa05207","Human Diseases","Cancer: overview","hsa05207","Chemical carcinogenesis - receptor activation","22/567","212/8644",0.0214746856730483,0.130566088892134,0.107147379042368,"PGR/ESR1/BCL2/ADCY1/FGF10/FGF2/CYP2B6/MYC/CACNA1F/CHRNA9/FGF9/CCND1/EPHX3/GSTM5/CHRNB2/FOS/EPHX4/ADCY8/ADRB1/FGF17/CYP1A1/FGF20",22
"hsa04911","Organismal Systems","Endocrine system","hsa04911","Insulin secretion","11/567","86/8644",0.0243221601808065,0.14497915088167,0.118975272711066,"ADCY1/SNAP25/CACNA1F/CHRM3/ADCYAP1/ATP1A2/GLP1R/GCK/ADCY8/CCKAR/ATP1A4",11
"hsa04971","Organismal Systems","Digestive system","hsa04971","Gastric acid secretion","10/567","76/8644",0.0259822907897861,0.149848921305093,0.122971587082088,"ADCY1/KCNJ16/CHRM3/ATP1A2/CCKBR/CA2/KCNK2/CALML3/ADCY8/ATP1A4",10
"hsa04925","Organismal Systems","Endocrine system","hsa04925","Aldosterone synthesis and secretion","12/567","98/8644",0.0261249764117433,0.149848921305093,0.122971587082088,"AGTR1/ADCY1/SCARB1/CACNA1F/ATP1A2/CACNA1G/KCNK3/NR4A1/CALML3/ATP2B2/ADCY8/ATP1A4",12
"hsa00500","Metabolism","Carbohydrate metabolism","hsa00500","Starch and sucrose metabolism","6/567","36/8644",0.0280429340120871,0.15648750882038,0.128419458415617,"MGAM/MGAM2/GCK/G6PC2/GYS2/AMY1A",6
"hsa04540","Cellular Processes","Cellular community - eukaryotes","hsa04540","Gap junction","11/567","88/8644",0.0283118848194767,0.15648750882038,0.128419458415617,"ADCY1/TUBA3D/TUBA3E/GJA1/TUBB2B/TUBAL3/HTR2A/TUBA3C/ADCY8/ADRB1/DRD2",11
"hsa04360","Organismal Systems","Development and regeneration","hsa04360","Axon guidance","19/567","182/8644",0.0294708287857866,0.157436815432088,0.129198494658604,"PARD6B/BMPR1B/SEMA3B/SEMA6A/WNT4/SLIT1/RGMA/EPHB1/SEMA3G/EFNB3/EPHA3/SEMA6D/PAK3/EPHA6/EPHA8/UNC5D/ROBO2/EPHA7/NTNG1",19
"hsa00010","Metabolism","Carbohydrate metabolism","hsa00010","Glycolysis / Gluconeogenesis","9/567","67/8644",0.0299515519778298,0.157436815432088,0.129198494658604,"ALDH3A1/GCK/ADH1A/PCK1/ADH1B/ADH4/G6PC2/ADH6/ADH7",9
"hsa04061","Environmental Information Processing","Signaling molecules and interaction","hsa04061","Viral protein interaction with cytokine and cytokine receptor","12/567","100/8644",0.0300372871548062,0.157436815432088,0.129198494658604,"IL6ST/IL24/CCL14/IL20/CX3CR1/CXCL5/IL34/CXCL14/IL19/IL22RA1/CXCL2/CCL16",12
"hsa00250","Metabolism","Amino acid metabolism","hsa00250","Alanine, aspartate and glutamate metabolism","6/567","37/8644",0.0316827944169025,0.16292090537701,0.133698942431965,"GLS2/ABAT/GAD1/GPT/ASPA/AGXT2",6
"hsa00620","Metabolism","Carbohydrate metabolism","hsa00620","Pyruvate metabolism","7/567","47/8644",0.0321554418507257,0.16292090537701,0.133698942431965,"ME3/ADH1A/PCK1/ADH1B/ADH4/ADH6/ADH7",7
"hsa04920","Organismal Systems","Endocrine system","hsa04920","Adipocytokine signaling pathway","9/567","69/8644",0.0354016069230536,0.173582072654972,0.14244789203334,"IRS2/IRS1/LEP/IRS4/ADIPOQ/ACSL6/PCK1/NPY/G6PC2",9
"hsa04924","Organismal Systems","Endocrine system","hsa04924","Renin secretion","9/567","69/8644",0.0354016069230536,0.173582072654972,0.14244789203334,"AGTR1/EDN3/PDE1C/CACNA1F/ADCYAP1/CLCA4/PTGER2/CALML3/ADRB1",9
"hsa05204","Human Diseases","Cancer: overview","hsa05204","Chemical carcinogenesis - DNA adducts","9/567","70/8644",0.0383668172051661,0.185135117942389,0.151928749834993,"CYP2A6/CYP2A7/NAT1/PTGS2/GSTM5/CYP2C8/CYP2A13/CYP3A7/CYP1A1",9
"hsa04978","Organismal Systems","Digestive system","hsa04978","Mineral absorption","8/567","60/8644",0.0410151953234605,0.194822177786437,0.159878310718094,"TRPM6/MT1M/ATP1A2/STEAP2/S100G/ATP2B2/SLC26A9/ATP1A4",8
"hsa00260","Metabolism","Amino acid metabolism","hsa00260","Glycine, serine and threonine metabolism","6/567","40/8644",0.0443932753273489,0.206326456761818,0.16931914907393,"CHDH/MAOA/MAOB/BHMT/AGXT2/ALAS2",6
"hsa05218","Human Diseases","Cancer: specific types","hsa05218","Melanoma","9/567","72/8644",0.0447945596917105,0.206326456761818,0.16931914907393,"IGF1R/FGF10/FGF2/FGF9/CCND1/FGF19/FGF17/FGF20/FGF21",9
"hsa04022","Environmental Information Processing","Signal transduction","hsa04022","cGMP-PKG signaling pathway","17/567","167/8644",0.0465573889197822,0.211245466143489,0.173355870761797,"AGTR1/ADCY1/IRS2/IRS1/CACNA1F/ATP1A2/IRS4/CALML3/ADRA1D/ATP2B2/ADRA1A/ADCY8/ADRB1/NPPC/ATP1A4/MYH7/GATA4",17
"hsa04060","Environmental Information Processing","Signaling molecules and interaction","hsa04060","Cytokine-cytokine receptor interaction","27/567","297/8644",0.052003389426476,0.232485740965422,0.190786428700849,"BMPR1B/GDF5/IL6ST/IL24/IL17RB/LEP/TSLP/IL17B/CCL14/IL20/EDAR/CX3CR1/BMP2/CXCL5/BMP5/IL34/NGFR/CXCL14/GDF1/GDF9/IL19/IL22RA1/CXCL2/GDF10/CCL16/IFNE/IL12RB2",27
"hsa04152","Environmental Information Processing","Signal transduction","hsa04152","AMPK signaling pathway","13/567","121/8644",0.0531884220968653,0.23433739590503,0.19230596547608,"IGF1R/IRS2/IRS1/LEP/CCND1/IRS4/ADIPOQ/CIDEA/CCNA1/ADRA1A/PCK1/G6PC2/GYS2",13
"hsa04610","Organismal Systems","Immune system","hsa04610","Complement and coagulation cascades","10/567","86/8644",0.0541306973602553,0.235081885678823,0.192916921419256,"SERPINA5/PLAT/C6/C7/CFD/SERPINB2/SERPINA1/VTN/MASP1/CFHR1",10
"hsa00052","Metabolism","Carbohydrate metabolism","hsa00052","Galactose metabolism","5/567","32/8644",0.0552756869411889,0.236673363804527,0.194222947443466,"MGAM/MGAM2/GCK/LALBA/G6PC2",5
"hsa04614","Organismal Systems","Endocrine system","hsa04614","Renin-angiotensin system","4/567","23/8644",0.0600074368779722,0.253364733484772,0.207920504971921,"AGTR1/ANPEP/CTSG/CMA1",4
"hsa04976","Organismal Systems","Digestive system","hsa04976","Bile secretion","10/567","89/8644",0.0654544783667008,0.272577553746261,0.223687258441357,"ADCY1/SCARB1/ABCG2/ATP1A2/SLCO1A2/CA2/AQP4/ADCY8/ATP1A4/NR0B2",10
"hsa05146","Human Diseases","Infectious disease: parasitic","hsa05146","Amoebiasis","11/567","102/8644",0.0699574414192965,0.28739273231711,0.235845143902892,"ADCY1/LAMA3/CTSG/CD1A/LAMC3/MUC2/SERPINB13/CXCL2/SERPINB4/COL4A6/SERPINB3",11
"hsa02010","Environmental Information Processing","Membrane transport","hsa02010","ABC transporters","6/567","45/8644",0.0718014548808394,0.287895205682038,0.236257492197518,"ABCA10/ABCG2/ABCA8/ABCA13/ABCB5/ABCA9",6
"hsa04340","Environmental Information Processing","Signal transduction","hsa04340","Hedgehog signaling pathway","7/567","56/8644",0.0719738014205096,0.287895205682038,0.236257492197518,"BCL2/SCUBE2/CDON/LRP2/PTCH2/CCND1/HHATL",7
"hsa04930","Human Diseases","Endocrine and metabolic disease","hsa04930","Type II diabetes mellitus","6/567","46/8644",0.0782307805948838,0.308859185725256,0.253461312385338,"IRS2/IRS1/IRS4/CACNA1G/ADIPOQ/GCK",6
"hsa04921","Organismal Systems","Endocrine system","hsa04921","Oxytocin signaling pathway","15/567","154/8644",0.0798455800597456,0.311193029976444,0.255376551608093,"ADCY1/CACNB2/KCNJ3/PTGS2/CACNA1F/CACNA2D3/CCND1/RYR3/PLA2G4A/CACNA2D2/FOS/CALML3/ADCY8/GNAO1/CACNG6",15
"hsa00430","Metabolism","Metabolism of other amino acids","hsa00430","Taurine and hypotaurine metabolism","3/567","16/8644",0.083050698733967,0.315592655189075,0.258987047367766,"CSAD/GAD1/FMO2",3
"hsa00603","Metabolism","Glycan biosynthesis and metabolism","hsa00603","Glycosphingolipid biosynthesis - globo and isoglobo series","3/567","16/8644",0.083050698733967,0.315592655189075,0.258987047367766,"ABO/A4GALT/B3GALT5",3
"hsa04973","Organismal Systems","Digestive system","hsa04973","Carbohydrate digestion and absorption","6/567","47/8644",0.0849735130940287,0.318590053308357,0.26144682352521,"MGAM/ATP1A2/MGAM2/G6PC2/ATP1A4/AMY1A",6
"hsa04917","Organismal Systems","Endocrine system","hsa04917","Prolactin signaling pathway","8/567","70/8644",0.0863741688555505,0.318590053308357,0.26144682352521,"ESR1/SHC4/CGA/CCND1/ELF5/FOS/GCK/LHCGR",8
"hsa04950","Human Diseases","Endocrine and metabolic disease","hsa04950","Maturity onset diabetes of the young","4/567","26/8644",0.0869834685019528,0.318590053308357,0.26144682352521,"HNF4G/RFX6/GCK/NEUROG3",4
"hsa04390","Environmental Information Processing","Signal transduction","hsa04390","Hippo signaling pathway","15/567","157/8644",0.0906434609214367,0.328043001429961,0.269204263638853,"PARD6B/BMPR1B/GDF5/WNT3/WNT4/WNT11/MYC/CCND1/CRB1/BMP2/BMP5/AREG/FRMD1/FZD9/CTNNA3",15
"hsa04728","Organismal Systems","Nervous system","hsa04728","Dopaminergic synapse","13/567","132/8644",0.0918564219244903,0.328521791353471,0.269597176422343,"GRIA2/GRIA1/KCNJ3/KIF5A/GNG3/MAOA/MAOB/FOS/CALML3/GRIN2A/SLC18A1/GNAO1/DRD2",13
"hsa04514","Environmental Information Processing","Signaling molecules and interaction","hsa04514","Cell adhesion molecules","15/567","158/8644",0.0944382976866146,0.333828401124777,0.273951977377328,"MAG/SLITRK6/MPZ/ITGB8/CLDN19/CADM3/CLDN11/NCAM1/SLITRK3/CNTN2/NLGN1/VTCN1/CDH4/NTNG1/CLDN6",15
"hsa04213","Organismal Systems","Aging","hsa04213","Longevity regulating pathway - multiple species","7/567","61/8644",0.102912915795276,0.359603751744413,0.295104186853968,"IGF1R/ADCY1/IRS2/IRS1/IRS4/ADCY8/CRYAB",7
"hsa04310","Environmental Information Processing","Signal transduction","hsa04310","Wnt signaling pathway","16/567","174/8644",0.106591325509197,0.367865114142652,0.301883767492412,"SFRP1/WNT3/PRICKLE4/WNT4/WIF1/WNT11/LGR6/MYC/CCND1/MMP7/FRZB/APCDD1L/FZD9/SFRP5/RSPO1/RSPO4",16
"hsa00601","Metabolism","Glycan biosynthesis and metabolism","hsa00601","Glycosphingolipid biosynthesis - lacto and neolacto series","4/567","28/8644",0.107697352495711,0.367865114142652,0.301883767492412,"ABO/A4GALT/B3GALT5/B3GALT1",4
"hsa04929","Organismal Systems","Endocrine system","hsa04929","GnRH secretion","7/567","64/8644",0.124441041875892,0.420334185891901,0.344941835375279,"CGA/KCNJ3/CACNA1F/KISS1R/CACNA1G/HCN1/GABBR2",7
"hsa00380","Metabolism","Amino acid metabolism","hsa00380","Tryptophan metabolism","5/567","42/8644",0.138296335341189,0.4620009444365,0.37913512407012,"TPH1/MAOA/MAOB/ACMSD/CYP1A1",5
"hsa00410","Metabolism","Metabolism of other amino acids","hsa00410","beta-Alanine metabolism","4/567","31/8644",0.142429712369416,0.470637310438071,0.386222446585259,"ALDH3A1/ABAT/CSAD/GAD1",4
"hsa04550","Cellular Processes","Cellular community - eukaryotes","hsa04550","Signaling pathways regulating pluripotency of stem cells","13/567","143/8644",0.144423430105304,0.472093793032393,0.387417690265503,"IGF1R/BMPR1B/FGF2/WNT3/FGFR2/IL6ST/WNT4/WNT11/LEFTY2/MYC/FZD9/DLX5/FGFR3",13
"hsa04720","Organismal Systems","Nervous system","hsa04720","Long-term potentiation","7/567","67/8644",0.148063539462298,0.475561301447195,0.390263256381528,"GRIA2/ADCY1/GRIA1/GRIN2C/CALML3/ADCY8/GRIN2A",7
"hsa04975","Organismal Systems","Digestive system","hsa04975","Fat digestion and absorption","5/567","43/8644",0.148612906702249,0.475561301447195,0.390263256381528,"SCARB1/APOA1/PNLIPRP2/PLA2G10/LIPF",5
"hsa04657","Organismal Systems","Immune system","hsa04657","IL-17 signaling pathway","9/567","94/8644",0.162334042033025,0.514057799771246,0.421854911862138,"IL17RB/PTGS2/IL17B/MAPK4/CXCL5/FOS/FOSB/CXCL2/MAPK15",9
"hsa01210",NA,NA,"hsa01210","2-Oxocarboxylic acid metabolism","4/567","33/8644",0.167720709445409,0.525640161560871,0.431359827873706,"NAGS/GPT/OGDHL/AGXT2",4
"hsa04919","Organismal Systems","Endocrine system","hsa04919","Thyroid hormone signaling pathway","11/567","121/8644",0.169481695427616,0.525739136836686,0.431441050658914,"ESR1/MED13L/WNT4/PLCD3/MYC/MED12L/CCND1/ATP1A2/ATP1A4/MYH7/GATA4",11
"hsa00220","Metabolism","Amino acid metabolism","hsa00220","Arginine biosynthesis","3/567","22/8644",0.171958656481572,0.528034662327251,0.433324844084344,"NAGS/GLS2/GPT",3
"hsa04510","Cellular Processes","Cellular community - eukaryotes","hsa04510","Focal adhesion","17/567","203/8644",0.178362947500339,0.542223360401031,0.444968616395583,"COL2A1/IGF1R/BCL2/SHC4/LAMA3/CHAD/ITGA10/ITGA7/ITGB8/CCND1/COL9A3/COL9A1/PAK3/THBS4/LAMC3/VTN/COL4A6",17
"hsa04750","Organismal Systems","Sensory system","hsa04750","Inflammatory mediator regulation of TRP channels","9/567","98/8644",0.192513051342924,0.57944522384405,0.475514259179501,"ADCY1/TRPA1/PTGER2/ALOX12/PLA2G4A/HTR2A/TRPM8/CALML3/ADCY8",9
"hsa04730","Organismal Systems","Nervous system","hsa04730","Long-term depression","6/567","60/8644",0.198584174299833,0.591858715560286,0.485701231259653,"GRIA2/IGF1R/GRIA1/PLA2G4A/CRHR1/GNAO1",6
"hsa04977","Organismal Systems","Digestive system","hsa04977","Vitamin digestion and absorption","3/567","24/8644",0.20594009151912,0.607823182736042,0.498802265610949,"SCARB1/APOA1/SLC19A3",3
"hsa04916","Organismal Systems","Endocrine system","hsa04916","Melanogenesis","9/567","101/8644",0.216612125376416,0.631834037685707,0.518506464444296,"ADCY1/WNT3/WNT4/WNT11/FZD9/CALML3/DCT/ADCY8/GNAO1",9
"hsa04918","Organismal Systems","Endocrine system","hsa04918","Thyroid hormone synthesis","7/567","75/8644",0.220012093591612,0.631834037685707,0.518506464444296,"ADCY1/LRP2/CGA/ATP1A2/ADCY8/ALB/ATP1A4",7
"hsa04960","Organismal Systems","Excretory system","hsa04960","Aldosterone-regulated sodium reabsorption","4/567","37/8644",0.222388954053851,0.631834037685707,0.518506464444296,"IRS1/SCNN1G/ATP1A2/ATP1A4",4
"hsa05143","Human Diseases","Infectious disease: parasitic","hsa05143","African trypanosomiasis","4/567","37/8644",0.222388954053851,0.631834037685707,0.518506464444296,"HBB/HBA2/APOA1/HBA1",4
"hsa00565","Metabolism","Lipid metabolism","hsa00565","Ether lipid metabolism","5/567","50/8644",0.228712306983352,0.642719831501559,0.527439750920601,"CHPT1/ENPP6/PLA2G4A/UGT8/PLA2G10",5
"hsa05217","Human Diseases","Cancer: specific types","hsa05217","Basal cell carcinoma","6/567","63/8644",0.230448886952862,0.642719831501559,0.527439750920601,"WNT3/WNT4/WNT11/PTCH2/BMP2/FZD9",6
"hsa04979","Organismal Systems","Digestive system","hsa04979","Cholesterol metabolism","5/567","51/8644",0.241072025223359,0.666235415162739,0.546737511750586,"LRP2/SCARB1/APOA1/ANGPTL8/LPL",5
"hsa04810","Cellular Processes","Cell motility","hsa04810","Regulation of actin cytoskeleton","18/567","229/8644",0.244724579617069,0.67023668651882,0.550021103549031,"FGD3/FGF10/FGF2/FGFR2/ITGA10/ITGA7/CHRM3/FGF9/ITGB8/C6/C7/MYH11/PAK3/FGFR3/FGF19/FGF17/FGF20/FGF21",18
"hsa04722","Organismal Systems","Nervous system","hsa04722","Neurotrophin signaling pathway","10/567","119/8644",0.253484711753133,0.679517849483015,0.557637570385992,"BCL2/NTRK3/NTRK2/SHC4/IRS1/BDNF/NTF4/NGFR/NTF3/CALML3",10
"hsa05222","Human Diseases","Cancer: specific types","hsa05222","Small cell lung cancer","8/567","92/8644",0.255362527524685,0.679517849483015,0.557637570385992,"BCL2/LAMA3/FHIT/MYC/PTGS2/CCND1/LAMC3/COL4A6",8
"hsa00730","Metabolism","Metabolism of cofactors and vitamins","hsa00730","Thiamine metabolism","2/567","15/8644",0.257951085022827,0.679517849483015,0.557637570385992,"AK5/ALPP",2
"hsa00650","Metabolism","Carbohydrate metabolism","hsa00650","Butanoate metabolism","3/567","27/8644",0.259289705723782,0.679517849483015,0.557637570385992,"HMGCLL1/ABAT/GAD1",3
"hsa00790","Metabolism","Metabolism of cofactors and vitamins","hsa00790","Folate biosynthesis","3/567","27/8644",0.259289705723782,0.679517849483015,0.557637570385992,"PAH/TPH1/ALPP",3
"hsa04935","Organismal Systems","Endocrine system","hsa04935","Growth hormone synthesis, secretion and action","10/567","120/8644",0.261707515050776,0.679992175858426,0.558026820216229,"ADCY1/SHC4/IRS2/IRS1/IGFALS/CACNA1F/IRS4/FOS/ADCY8/GHRH",10
"hsa04961","Organismal Systems","Excretory system","hsa04961","Endocrine and other factor-regulated calcium reabsorption","5/567","53/8644",0.266297289868779,0.686054034916176,0.563001406769854,"ESR1/ATP1A2/ATP2B2/ATP1A4/CALB1",5
"hsa04350","Environmental Information Processing","Signal transduction","hsa04350","TGF-beta signaling pathway","9/567","108/8644",0.27689602105324,0.707364625211637,0.58048966819653,"IGSF1/BMPR1B/GDF5/THSD4/LEFTY2/RGMA/MYC/BMP2/BMP5",9
"hsa04630","Environmental Information Processing","Signal transduction","hsa04630","JAK-STAT signaling pathway","13/567","166/8644",0.293720365675792,0.743138815411915,0.609847296581108,"BCL2/GFAP/IL6ST/IL24/MYC/LEP/TSLP/IL20/CCND1/IL19/IL22RA1/IFNE/IL12RB2",13
"hsa04744","Organismal Systems","Sensory system","hsa04744","Phototransduction","3/567","29/8644",0.295788804818558,0.743138815411915,0.609847296581108,"RGS9/PDE6B/CALML3",3
"hsa04371","Environmental Information Processing","Signal transduction","hsa04371","Apelin signaling pathway","11/567","139/8644",0.303394836432127,0.756000248158743,0.620401865698137,"AGTR1/ADCY1/PLAT/UCP1/CCND1/GNG3/RYR3/MAP1LC3C/PLIN1/CALML3/ADCY8",11
"hsa05230","Human Diseases","Cancer: overview","hsa05230","Central carbon metabolism in cancer","6/567","70/8644",0.30995116605473,0.764050770458261,0.627008423125373,"NTRK3/FGFR2/GLS2/MYC/FGFR3/GCK",6
"hsa01522","Human Diseases","Drug resistance: antineoplastic","hsa01522","Endocrine resistance","8/567","98/8644",0.313309664301809,0.764050770458261,0.627008423125373,"ESR1/IGF1R/BCL2/ADCY1/SHC4/CCND1/FOS/ADCY8",8
"hsa00591","Metabolism","Lipid metabolism","hsa00591","Linoleic acid metabolism","3/567","30/8644",0.314165612852903,0.764050770458261,0.627008423125373,"PLA2G4A/CYP2C8/PLA2G10",3
"hsa04530","Cellular Processes","Cellular community - eukaryotes","hsa04530","Tight junction","13/567","170/8644",0.323610671744007,0.780774954049032,0.640732908966831,"PARD6B/TUBA3D/TUBA3E/CGN/CCND1/CLDN19/TUBAL3/CLDN11/MYH11/TUBA3C/CD1A/CLDN6/GATA4",13
"hsa00061","Metabolism","Lipid metabolism","hsa00061","Fatty acid biosynthesis","2/567","18/8644",0.332572843905856,0.796079878325829,0.653292697933592,"ACSL6/OLAH",2
"hsa05034","Human Diseases","Substance dependence","hsa05034","Alcoholism","14/567","188/8644",0.350481602363893,0.827038261267115,0.678698296122944,"NTRK2/SHC4/BDNF/GNG3/MAOA/MAOB/GRIN2C/CALML3/FOSB/GRIN2A/SLC18A1/GNAO1/DRD2/NPY",14
"hsa04215","Cellular Processes","Cell growth and death","hsa04215","Apoptosis - multiple species","3/567","32/8644",0.350947156919269,0.827038261267115,0.678698296122944,"PMAIP1/BCL2/NGFR",3
"hsa04068","Environmental Information Processing","Signal transduction","hsa04068","FoxO signaling pathway","10/567","131/8644",0.356745595324095,0.83423585368096,0.684604907625996,"IGF1R/SGK3/IRS2/IRS1/SGK2/CCND1/IRS4/FOXG1/PCK1/G6PC2",10
"hsa04211","Organismal Systems","Aging","hsa04211","Longevity regulating pathway","7/567","89/8644",0.366526527943179,0.85056537782234,0.698005521273873,"IGF1R/ADCY1/IRS2/IRS1/IRS4/ADIPOQ/ADCY8",7
"hsa04072","Environmental Information Processing","Signal transduction","hsa04072","Phospholipase D signaling pathway","11/567","148/8644",0.378775202437282,0.872330769249498,0.715867009391036,"AGTR1/ADCY1/SHC4/GAB2/FCER1A/PTGFR/PLA2G4A/ADCY8/GRM3/GRM7/GRM4",11
"hsa00280","Metabolism","Amino acid metabolism","hsa00280","Valine, leucine and isoleucine degradation","4/567","48/8644",0.387123327376241,0.884853319717122,0.726143479130741,"HMGCLL1/ACADSB/ABAT/AGXT2",4
"hsa01521","Human Diseases","Drug resistance: antineoplastic","hsa01521","EGFR tyrosine kinase inhibitor resistance","6/567","79/8644",0.417064708667834,0.939875955600571,0.771297096528169,"IGF1R/BCL2/SHC4/FGF2/FGFR2/FGFR3",6
"hsa05144","Human Diseases","Infectious disease: parasitic","hsa05144","Malaria","4/567","50/8644",0.41737912501999,0.939875955600571,0.771297096528169,"HBB/HBA2/HBA1/THBS4",4
"hsa00512","Metabolism","Glycan biosynthesis and metabolism","hsa00512","Mucin type O-glycan biosynthesis","3/567","36/8644",0.423532049653769,0.946718699226073,0.776912505943834,"GCNT4/GALNT5/GALNT13",3
"hsa00270","Metabolism","Amino acid metabolism","hsa00270","Cysteine and methionine metabolism","4/567","52/8644",0.447282109345478,0.992509206138872,0.814489895619504,"MAT1A/BHMT/TAT/AGXT2",4
"hsa00534","Metabolism","Glycan biosynthesis and metabolism","hsa00534","Glycosaminoglycan biosynthesis - heparan sulfate / heparin","2/567","24/8644",0.473304700163038,0.99999990140188,0.820637038200296,"EXTL1/HS3ST5",2
"hsa04926","Organismal Systems","Endocrine system","hsa04926","Relaxin signaling pathway","9/567","129/8644",0.474191808083805,0.99999990140188,0.820637038200296,"ADCY1/RLN2/SHC4/RLN1/GNG3/FOS/ADCY8/GNAO1/COL4A6",9
"hsa05210","Human Diseases","Cancer: specific types","hsa05210","Colorectal cancer","6/567","86/8644",0.499281607895435,0.99999990140188,0.820637038200296,"PMAIP1/BCL2/MYC/CCND1/AREG/FOS",6
"hsa05165","Human Diseases","Infectious disease: viral","hsa05165","Human papillomavirus infection","22/567","331/8644",0.506985809238643,0.99999990140188,0.820637038200296,"COL2A1/PARD6B/ATP6V1B1/WNT3/LAMA3/CHAD/WNT4/WNT11/ITGA10/ITGA7/PTGS2/ITGB8/CCND1/COL9A3/COL9A1/FZD9/CCNA1/THBS4/LAMC3/VTN/HES7/COL4A6",22
"hsa04216","Cellular Processes","Cell growth and death","hsa04216","Ferroptosis","3/567","41/8644",0.509895350226405,0.99999990140188,0.820637038200296,"MAP1LC3C/ACSL6/FTMT",3
"hsa05219","Human Diseases","Cancer: specific types","hsa05219","Bladder cancer","3/567","41/8644",0.509895350226405,0.99999990140188,0.820637038200296,"MYC/CCND1/FGFR3",3
"hsa00592","Metabolism","Lipid metabolism","hsa00592","alpha-Linolenic acid metabolism","2/567","26/8644",0.516176885225512,0.99999990140188,0.820637038200296,"PLA2G4A/PLA2G10",2
"hsa00130","Metabolism","Metabolism of cofactors and vitamins","hsa00130","Ubiquinone and other terpenoid-quinone biosynthesis","1/567","11/8644",0.526091580019614,0.99999990140188,0.820637038200296,"TAT",1
"hsa04966","Organismal Systems","Excretory system","hsa04966","Collecting duct acid secretion","2/567","27/8644",0.536727859585651,0.99999990140188,0.820637038200296,"ATP6V1B1/CA2",2
"hsa04145","Cellular Processes","Transport and catabolism","hsa04145","Phagosome","10/567","152/8644",0.543551612124814,0.99999990140188,0.820637038200296,"ATP6V1B1/TUBA3D/TUBA3E/SCARB1/TUBB2B/DYNC1I1/TUBAL3/TUBA3C/THBS4/SFTPA1",10
"hsa04910","Organismal Systems","Endocrine system","hsa04910","Insulin signaling pathway","9/567","137/8644",0.548003251216508,0.99999990140188,0.820637038200296,"SHC4/IRS2/IRS1/IRS4/CALML3/GCK/PCK1/G6PC2/GYS2",9
"hsa01230","Metabolism","Global and overview maps","hsa01230","Biosynthesis of amino acids","5/567","75/8644",0.551550698522363,0.99999990140188,0.820637038200296,"NAGS/PAH/MAT1A/GPT/TKTL2",5
"hsa04931","Human Diseases","Endocrine and metabolic disease","hsa04931","Insulin resistance","7/567","108/8644",0.56917338756721,0.99999990140188,0.820637038200296,"IRS2/IRS1/SLC27A6/SLC27A2/PCK1/G6PC2/GYS2",7
"hsa04392","Environmental Information Processing","Signal transduction","hsa04392","Hippo signaling pathway - multiple species","2/567","29/8644",0.575994470687374,0.99999990140188,0.820637038200296,"DCHS2/FRMD1",2
"hsa04912","Organismal Systems","Endocrine system","hsa04912","GnRH signaling pathway","6/567","93/8644",0.577124196624666,0.99999990140188,0.820637038200296,"ADCY1/CGA/CACNA1F/PLA2G4A/CALML3/ADCY8",6
"hsa05205","Human Diseases","Cancer: overview","hsa05205","Proteoglycans in cancer","13/567","205/8644",0.59210520578517,0.99999990140188,0.820637038200296,"ESR1/IGF1R/FGF2/WNT3/WNT4/WNT11/MYC/CCND1/IGF2/FZD9/VTN/ERBB4/ANK1",13
"hsa00020","Metabolism","Carbohydrate metabolism","hsa00020","Citrate cycle (TCA cycle)","2/567","30/8644",0.594696531961265,0.99999990140188,0.820637038200296,"PCK1/OGDHL",2
"hsa01523","Human Diseases","Drug resistance: antineoplastic","hsa01523","Antifolate resistance","2/567","30/8644",0.594696531961265,0.99999990140188,0.820637038200296,"ABCG2/ALOX12",2
"hsa00561","Metabolism","Lipid metabolism","hsa00561","Glycerolipid metabolism","4/567","63/8644",0.600002549250504,0.99999990140188,0.820637038200296,"MBOAT1/LPL/PNLIPRP2/LIPF",4
"hsa00983","Metabolism","Xenobiotics biodegradation and metabolism","hsa00983","Drug metabolism - other enzymes","5/567","80/8644",0.609825909460944,0.99999990140188,0.820637038200296,"CYP2A6/CYP2A7/NAT1/GSTM5/UPP2",5
"hsa00030","Metabolism","Carbohydrate metabolism","hsa00030","Pentose phosphate pathway","2/567","31/8644",0.612774507413441,0.99999990140188,0.820637038200296,"RGN/TKTL2",2
"hsa00533","Metabolism","Glycan biosynthesis and metabolism","hsa00533","Glycosaminoglycan biosynthesis - keratan sulfate","1/567","14/8644",0.613478866715777,0.99999990140188,0.820637038200296,"CHST4",1
"hsa05215","Human Diseases","Cancer: specific types","hsa05215","Prostate cancer","6/567","97/8644",0.618775953826796,0.99999990140188,0.820637038200296,"IGF1R/BCL2/FGFR2/PLAT/CCND1/KLK3",6
"hsa05022","Human Diseases","Neurodegenerative disease","hsa05022","Pathways of neurodegeneration - multiple diseases","30/567","476/8644",0.620169304128587,0.99999990140188,0.820637038200296,"GRIA2/BCL2/MAPT/GRIA1/TUBA3D/TUBA3E/WNT3/BDNF/WNT4/WNT11/NEFH/COX6C/NEFL/PTGS2/KIF5A/CACNA1F/CHRM3/TUBB2B/RYR3/DNALI1/DNAH9/TUBAL3/MAP1LC3C/NEFM/TUBA3C/FZD9/GRIN2C/CALML3/GRIN2A/PRPH",30
"hsa05010","Human Diseases","Neurodegenerative disease","hsa05010","Alzheimer disease","24/567","384/8644",0.629777102020584,0.99999990140188,0.820637038200296,"SLC39A6/MAPT/IRS2/TUBA3D/TUBA3E/IRS1/WNT3/WNT4/WNT11/COX6C/PTGS2/KIF5A/CACNA1F/CHRM3/TUBB2B/RYR3/IRS4/TUBAL3/TUBA3C/FZD9/GRIN2C/CALML3/LPL/GRIN2A",24
"hsa01200","Metabolism","Global and overview maps","hsa01200","Carbon metabolism","7/567","115/8644",0.636262393343906,0.99999990140188,0.820637038200296,"ME3/RGN/GPT/GCK/OGDHL/TKTL2/HAO1",7
"hsa00604","Metabolism","Glycan biosynthesis and metabolism","hsa00604","Glycosphingolipid biosynthesis - ganglio series","1/567","15/8644",0.638873708265274,0.99999990140188,0.820637038200296,"ST6GALNAC5",1
"hsa04146","Cellular Processes","Transport and catabolism","hsa04146","Peroxisome","5/567","83/8644",0.642604760200717,0.99999990140188,0.820637038200296,"PEX5L/HMGCLL1/ACSL6/SLC27A2/HAO1",5
"hsa00330","Metabolism","Amino acid metabolism","hsa00330","Arginine and proline metabolism","3/567","50/8644",0.646017002740262,0.99999990140188,0.820637038200296,"MAOA/MAOB/CKMT2",3
"hsa04012","Environmental Information Processing","Signal transduction","hsa04012","ErbB signaling pathway","5/567","85/8644",0.663479218436647,0.99999990140188,0.820637038200296,"SHC4/MYC/AREG/PAK3/ERBB4",5
"hsa05225","Human Diseases","Cancer: specific types","hsa05225","Hepatocellular carcinoma","10/567","168/8644",0.671226191106059,0.99999990140188,0.820637038200296,"IGF1R/SHC4/WNT3/WNT4/WNT11/MYC/CCND1/IGF2/GSTM5/FZD9",10
"hsa05014","Human Diseases","Neurodegenerative disease","hsa05014","Amyotrophic lateral sclerosis","22/567","364/8644",0.688819654515544,0.99999990140188,0.820637038200296,"GRIA2/BCL2/GRIA1/TUBA3D/TUBA3E/NEFH/COX6C/NEFL/KIF5A/TUBB2B/SLC1A2/DNALI1/DNAH9/TUBAL3/MAP1LC3C/NEFM/TUBA3C/GRIN2C/ERBB4/GRIN2A/PRPH/POM121L2",22
"hsa00600","Metabolism","Lipid metabolism","hsa00600","Sphingolipid metabolism","3/567","54/8644",0.697223663868129,0.99999990140188,0.820637038200296,"UGCG/UGT8/PSAPL1",3
"hsa04928","Organismal Systems","Endocrine system","hsa04928","Parathyroid hormone synthesis, secretion and action","6/567","106/8644",0.70338823859255,0.99999990140188,0.820637038200296,"BCL2/ADCY1/CYP24A1/GATA3/FOS/ADCY8",6
"hsa00760","Metabolism","Metabolism of cofactors and vitamins","hsa00760","Nicotinate and nicotinamide metabolism","2/567","37/8644",0.70836575090236,0.99999990140188,0.820637038200296,"NMNAT3/NMNAT2",2
"hsa05216","Human Diseases","Cancer: specific types","hsa05216","Thyroid cancer","2/567","37/8644",0.70836575090236,0.99999990140188,0.820637038200296,"MYC/CCND1",2
"hsa04936","Human Diseases","Endocrine and metabolic disease","hsa04936","Alcoholic liver disease","8/567","142/8644",0.722251421572073,0.99999990140188,0.820637038200296,"CCND1/ADIPOQ/ADH1A/CXCL2/ADH1B/ADH4/ADH6/ADH7",8
"hsa04062","Organismal Systems","Immune system","hsa04062","Chemokine signaling pathway","11/567","192/8644",0.722858510944228,0.99999990140188,0.820637038200296,"ADCY1/SHC4/PREX1/CCL14/CX3CR1/GNG3/CXCL5/CXCL14/ADCY8/CXCL2/CCL16",11
"hsa04115","Cellular Processes","Cell growth and death","hsa04115","p53 signaling pathway","4/567","74/8644",0.724384146919231,0.99999990140188,0.820637038200296,"PMAIP1/BCL2/SERPINB5/CCND1",4
"hsa00531","Metabolism","Glycan biosynthesis and metabolism","hsa00531","Glycosaminoglycan degradation","1/567","19/8644",0.724851491107445,0.99999990140188,0.820637038200296,"HYAL4",1
"hsa00785","Metabolism","Metabolism of cofactors and vitamins","hsa00785","Lipoic acid metabolism","1/567","19/8644",0.724851491107445,0.99999990140188,0.820637038200296,"OGDHL",1
"hsa01212","Metabolism","Global and overview maps","hsa01212","Fatty acid metabolism","3/567","57/8644",0.731805663957104,0.99999990140188,0.820637038200296,"ELOVL2/ACADSB/ACSL6",3
"hsa05214","Human Diseases","Cancer: specific types","hsa05214","Glioma","4/567","75/8644",0.734121242603562,0.99999990140188,0.820637038200296,"IGF1R/SHC4/CCND1/CALML3",4
"hsa05167","Human Diseases","Infectious disease: viral","hsa05167","Kaposi sarcoma-associated herpesvirus infection","11/567","194/8644",0.735265951554523,0.99999990140188,0.820637038200296,"FGF2/PREX1/IL6ST/MYC/PTGS2/CCND1/GNG3/MAP1LC3C/FOS/CALML3/CXCL2",11
"hsa05213","Human Diseases","Cancer: specific types","hsa05213","Endometrial cancer","3/567","58/8644",0.742619682770495,0.99999990140188,0.820637038200296,"MYC/CCND1/CTNNA3",3
"hsa00100","Metabolism","Lipid metabolism","hsa00100","Steroid biosynthesis","1/567","20/8644",0.742939514822468,0.99999990140188,0.820637038200296,"CYP24A1",1
"hsa00670","Metabolism","Metabolism of cofactors and vitamins","hsa00670","One carbon pool by folate","1/567","20/8644",0.742939514822468,0.99999990140188,0.820637038200296,"ALDH1L1",1
"hsa00230","Metabolism","Nucleotide metabolism","hsa00230","Purine metabolism","7/567","128/8644",0.743458576951071,0.99999990140188,0.820637038200296,"ADCY1/PDE6B/PDE1C/FHIT/ENTPD8/AK5/ADCY8",7
"hsa05133","Human Diseases","Infectious disease: bacterial","hsa05133","Pertussis","4/567","76/8644",0.743597648355005,0.99999990140188,0.820637038200296,"CXCL5/FOS/CALML3/SFTPA1",4
"hsa05220","Human Diseases","Cancer: specific types","hsa05220","Chronic myeloid leukemia","4/567","76/8644",0.743597648355005,0.99999990140188,0.820637038200296,"SHC4/MYC/CCND1/GAB2",4
"hsa05130","Human Diseases","Infectious disease: bacterial","hsa05130","Pathogenic Escherichia coli infection","11/567","198/8644",0.758968394960521,0.99999990140188,0.820637038200296,"TUBA3D/TUBA3E/TUBB2B/CLDN19/TUBAL3/CLDN11/MYH11/TUBA3C/FOS/PAK3/CLDN6",11
"hsa00532","Metabolism","Glycan biosynthesis and metabolism","hsa00532","Glycosaminoglycan biosynthesis - chondroitin sulfate / dermatan sulfate","1/567","21/8644",0.759840407110926,0.99999990140188,0.820637038200296,"DSEL",1
"hsa00770","Metabolism","Metabolism of cofactors and vitamins","hsa00770","Pantothenate and CoA biosynthesis","1/567","21/8644",0.759840407110926,0.99999990140188,0.820637038200296,"CSAD",1
"hsa05012","Human Diseases","Neurodegenerative disease","hsa05012","Parkinson disease","15/567","266/8644",0.766137677340073,0.99999990140188,0.820637038200296,"SLC39A6/MAPT/TUBA3D/TUBA3E/COX6C/KIF5A/TUBB2B/RYR3/TUBAL3/MAOA/TUBA3C/MAOB/CALML3/SLC18A1/DRD2",15
"hsa04940","Human Diseases","Endocrine and metabolic disease","hsa04940","Type I diabetes mellitus","2/567","43/8644",0.783430747920618,0.99999990140188,0.820637038200296,"GAD1/PTPRN2",2
"hsa00564","Metabolism","Lipid metabolism","hsa00564","Glycerophospholipid metabolism","5/567","99/8644",0.786670001670498,0.99999990140188,0.820637038200296,"MBOAT1/CHPT1/PLA2G4A/GPD1/PLA2G10",5
"hsa04933","Human Diseases","Endocrine and metabolic disease","hsa04933","AGE-RAGE signaling pathway in diabetic complications","5/567","100/8644",0.79394525324071,0.99999990140188,0.820637038200296,"BCL2/AGTR1/PLCD3/CCND1/COL4A6",5
"hsa04962","Organismal Systems","Excretory system","hsa04962","Vasopressin-regulated water reabsorption","2/567","44/8644",0.794149799754036,0.99999990140188,0.820637038200296,"DYNC1I1/AQP4",2
"hsa04210","Cellular Processes","Cell growth and death","hsa04210","Apoptosis","7/567","136/8644",0.797284206544736,0.99999990140188,0.820637038200296,"PMAIP1/BCL2/TUBA3D/TUBA3E/TUBAL3/TUBA3C/FOS",7
"hsa04914","Organismal Systems","Endocrine system","hsa04914","Progesterone-mediated oocyte maturation","5/567","102/8644",0.807912056088947,0.99999990140188,0.820637038200296,"PGR/IGF1R/ADCY1/CCNA1/ADCY8",5
"hsa04148",NA,NA,"hsa04148","Efferocytosis","8/567","156/8644",0.811607004358161,0.99999990140188,0.820637038200296,"ANO9/PTGS2/CX3CR1/PTGER2/MFGE8/ANO4/XKR7/XKR4",8
"hsa05418","Human Diseases","Cardiovascular disease","hsa05418","Fluid shear stress and atherosclerosis","7/567","139/8644",0.815114129297964,0.99999990140188,0.820637038200296,"BCL2/BMPR1B/PLAT/GSTM5/FOS/CALML3/NPPC",7
"hsa05202","Human Diseases","Cancer: overview","hsa05202","Transcriptional misregulation in cancer","10/567","193/8644",0.822534406925455,0.99999990140188,0.820637038200296,"IGF1R/PLAT/EYA1/MYC/BAIAP3/ARNT2/NGFR/CCNA1/ELANE/HMGA2",10
"hsa00514","Metabolism","Glycan biosynthesis and metabolism","hsa00514","Other types of O-glycan biosynthesis","2/567","47/8644",0.823541392207584,0.99999990140188,0.820637038200296,"GALNT5/GALNT13",2
"hsa05221","Human Diseases","Cancer: specific types","hsa05221","Acute myeloid leukemia","3/567","67/8644",0.824909500773793,0.99999990140188,0.820637038200296,"MYC/CCND1/CCNA1",3
"hsa05416","Human Diseases","Cardiovascular disease","hsa05416","Viral myocarditis","3/567","67/8644",0.824909500773793,0.99999990140188,0.820637038200296,"CCND1/SGCG/MYH7",3
"hsa04664","Organismal Systems","Immune system","hsa04664","Fc epsilon RI signaling pathway","3/567","68/8644",0.832500528168422,0.99999990140188,0.820637038200296,"GAB2/FCER1A/PLA2G4A",3
"hsa04922","Organismal Systems","Endocrine system","hsa04922","Glucagon signaling pathway","5/567","107/8644",0.839543549989333,0.99999990140188,0.820637038200296,"CALML3/GCK/PCK1/G6PC2/GYS2",5
"hsa00062","Metabolism","Lipid metabolism","hsa00062","Fatty acid elongation","1/567","27/8644",0.840333732770722,0.99999990140188,0.820637038200296,"ELOVL2",1
"hsa01040","Metabolism","Lipid metabolism","hsa01040","Biosynthesis of unsaturated fatty acids","1/567","27/8644",0.840333732770722,0.99999990140188,0.820637038200296,"ELOVL2",1
"hsa00520","Metabolism","Carbohydrate metabolism","hsa00520","Amino sugar and nucleotide sugar metabolism","2/567","49/8644",0.840986435458186,0.99999990140188,0.820637038200296,"GCK/CHIA",2
"hsa05120","Human Diseases","Infectious disease: bacterial","hsa05120","Epithelial cell signaling in Helicobacter pylori infection","3/567","70/8644",0.846837126430101,0.99999990140188,0.820637038200296,"ATP6V1B1/PTPRZ1/CXCL2",3
"hsa05223","Human Diseases","Cancer: specific types","hsa05223","Non-small cell lung cancer","3/567","72/8644",0.860096674501542,0.99999990140188,0.820637038200296,"FHIT/KIF5A/CCND1",3
"hsa05020","Human Diseases","Neurodegenerative disease","hsa05020","Prion disease","14/567","272/8644",0.86185546313612,0.99999990140188,0.820637038200296,"TUBA3D/TUBA3E/COX6C/KIF5A/CACNA1F/TUBB2B/C6/RYR3/C7/TUBAL3/TUBA3C/NCAM1/GRIN2C/GRIN2A",14
"hsa01524","Human Diseases","Drug resistance: antineoplastic","hsa01524","Platinum drug resistance","3/567","73/8644",0.866341464607669,0.99999990140188,0.820637038200296,"PMAIP1/BCL2/GSTM5",3
"hsa05323","Human Diseases","Immune disease","hsa05323","Rheumatoid arthritis","4/567","93/8644",0.867700292557965,0.99999990140188,0.820637038200296,"ATP6V1B1/CXCL5/FOS/CXCL2",4
"hsa00053","Metabolism","Carbohydrate metabolism","hsa00053","Ascorbate and aldarate metabolism","1/567","30/8644",0.869826709602692,0.99999990140188,0.820637038200296,"RGN",1
"hsa00630","Metabolism","Carbohydrate metabolism","hsa00630","Glyoxylate and dicarboxylate metabolism","1/567","30/8644",0.869826709602692,0.99999990140188,0.820637038200296,"HAO1",1
"hsa05310","Human Diseases","Immune disease","hsa05310","Asthma","1/567","31/8644",0.878395116342334,0.99999990140188,0.820637038200296,"FCER1A",1
"hsa01240","Metabolism","Global and overview maps","hsa01240","Biosynthesis of cofactors","7/567","153/8644",0.882669839761196,0.99999990140188,0.820637038200296,"NMNAT3/RGN/MAT1A/AK5/NMNAT2/ALPP/ALAS2",7
"hsa00640","Metabolism","Carbohydrate metabolism","hsa00640","Propanoate metabolism","1/567","32/8644",0.88640045351102,0.99999990140188,0.820637038200296,"ABAT",1
"hsa05231","Human Diseases","Cancer: overview","hsa05231","Choline metabolism in cancer","4/567","98/8644",0.892629549967118,0.99999990140188,0.820637038200296,"CHPT1/PLA2G4A/FOS/SLC5A7",4
"hsa04150","Environmental Information Processing","Signal transduction","hsa04150","mTOR signaling pathway","7/567","156/8644",0.894100969406056,0.99999990140188,0.820637038200296,"IGF1R/ATP6V1B1/IRS1/WNT3/WNT4/WNT11/FZD9",7
"hsa00480","Metabolism","Metabolism of other amino acids","hsa00480","Glutathione metabolism","2/567","57/8644",0.896159610064336,0.99999990140188,0.820637038200296,"ANPEP/GSTM5",2
"hsa00240","Metabolism","Nucleotide metabolism","hsa00240","Pyrimidine metabolism","2/567","58/8644",0.901643178896259,0.99999990140188,0.820637038200296,"ENTPD8/UPP2",2
"hsa05417","Human Diseases","Cardiovascular disease","hsa05417","Lipid and atherosclerosis","10/567","215/8644",0.905958860419876,0.99999990140188,0.820637038200296,"CYP2A6/BCL2/CYP2A7/CYP2B6/APOA1/FOS/CALML3/CYP2C8/CXCL2/CYP1A1",10
"hsa04370","Environmental Information Processing","Signal transduction","hsa04370","VEGF signaling pathway","2/567","59/8644",0.906855774931522,0.99999990140188,0.820637038200296,"PTGS2/PLA2G4A",2
"hsa05017","Human Diseases","Neurodegenerative disease","hsa05017","Spinocerebellar ataxia","6/567","143/8644",0.914724756599738,0.99999990140188,0.820637038200296,"GRIA2/GRIA1/KCND3/GRIN2C/GRIN2A/DAB1",6
"hsa04064","Environmental Information Processing","Signal transduction","hsa04064","NF-kappa B signaling pathway","4/567","104/8644",0.91703539705342,0.99999990140188,0.820637038200296,"BCL2/PTGS2/EDAR/CXCL2",4
"hsa01250","Metabolism","Global and overview maps","hsa01250","Biosynthesis of nucleotide sugars","1/567","37/8644",0.919192591419913,0.99999990140188,0.820637038200296,"GCK",1
"hsa00140","Metabolism","Lipid metabolism","hsa00140","Steroid hormone biosynthesis","2/567","62/8644",0.920984547657574,0.99999990140188,0.820637038200296,"CYP3A7/CYP1A1",2
"hsa01232","Metabolism","Global and overview maps","hsa01232","Nucleotide metabolism","3/567","85/8644",0.924129336851935,0.99999990140188,0.820637038200296,"ENTPD8/AK5/UPP2",3
"hsa05163","Human Diseases","Infectious disease: viral","hsa05163","Human cytomegalovirus infection","10/567","225/8644",0.931303418200691,0.99999990140188,0.820637038200296,"ADCY1/PTGER3/MYC/PTGS2/CCND1/GNG3/PTGER2/CALML3/ADCY8/GNAO1",10
"hsa05321","Human Diseases","Immune disease","hsa05321","Inflammatory bowel disease","2/567","65/8644",0.933078823640994,0.99999990140188,0.820637038200296,"GATA3/IL12RB2",2
"hsa04114","Cellular Processes","Cell growth and death","hsa04114","Oocyte meiosis","5/567","131/8644",0.937419777610487,0.99999990140188,0.820637038200296,"PGR/IGF1R/ADCY1/CALML3/ADCY8",5
"hsa03440","Genetic Information Processing","Replication and repair","hsa03440","Homologous recombination","1/567","41/8644",0.938475682306264,0.99999990140188,0.820637038200296,"RBBP8",1
"hsa05145","Human Diseases","Infectious disease: parasitic","hsa05145","Toxoplasmosis","4/567","111/8644",0.939155930490682,0.99999990140188,0.820637038200296,"BCL2/LAMA3/LAMC3/GNAO1",4
"hsa05132","Human Diseases","Infectious disease: bacterial","hsa05132","Salmonella infection","11/567","249/8644",0.94215635073695,0.99999990140188,0.820637038200296,"BCL2/TUBA3D/TUBA3E/MYC/KIF5A/TUBB2B/DYNC1I1/TUBAL3/TUBA3C/FOS/PAK3",11
"hsa00513","Metabolism","Glycan biosynthesis and metabolism","hsa00513","Various types of N-glycan biosynthesis","1/567","42/8644",0.942530580380465,0.99999990140188,0.820637038200296,"CHST8",1
"hsa05016","Human Diseases","Neurodegenerative disease","hsa05016","Huntington disease","14/567","306/8644",0.945114606968916,0.99999990140188,0.820637038200296,"GRIA2/GRIA1/TUBA3D/TUBA3E/BDNF/COX6C/KIF5A/UCP1/TUBB2B/SLC1A2/DNALI1/DNAH9/TUBAL3/TUBA3C",14
"hsa04658","Organismal Systems","Immune system","hsa04658","Th1 and Th2 cell differentiation","3/567","92/8644",0.946217517584265,0.99999990140188,0.820637038200296,"GATA3/FOS/IL12RB2",3
"hsa00860","Metabolism","Metabolism of cofactors and vitamins","hsa00860","Porphyrin metabolism","1/567","43/8644",0.946318671629509,0.99999990140188,0.820637038200296,"ALAS2",1
"hsa04932","Human Diseases","Endocrine and metabolic disease","hsa04932","Non-alcoholic fatty liver disease","6/567","155/8644",0.946412376283632,0.99999990140188,0.820637038200296,"IRS2/IRS1/COX6C/LEP/ADIPOQ/FOS",6
"hsa05211","Human Diseases","Cancer: specific types","hsa05211","Renal cell carcinoma","2/567","69/8644",0.946499829837242,0.99999990140188,0.820637038200296,"ARNT2/PAK3",2
"hsa04668","Environmental Information Processing","Signal transduction","hsa04668","TNF signaling pathway","4/567","114/8644",0.946878124364586,0.99999990140188,0.820637038200296,"PTGS2/CXCL5/FOS/CXCL2",4
"hsa04670","Organismal Systems","Immune system","hsa04670","Leukocyte transendothelial migration","4/567","115/8644",0.949246074440291,0.99999990140188,0.820637038200296,"CLDN19/CLDN11/CTNNA3/CLDN6",4
"hsa05206","Human Diseases","Cancer: overview","hsa05206","MicroRNAs in cancer","14/567","310/8644",0.951226223290426,0.99999990140188,0.820637038200296,"BCL2/SHC4/IRS2/IRS1/WNT3/GLS2/CYP24A1/SERPINB5/MYC/PTGS2/CCND1/FGFR3/HMGA2/TP63",14
"hsa05322","Human Diseases","Immune disease","hsa05322","Systemic lupus erythematosus","5/567","137/8644",0.951401483129365,0.99999990140188,0.820637038200296,"C6/C7/CTSG/ELANE/GRIN2A",5
"hsa05160","Human Diseases","Infectious disease: viral","hsa05160","Hepatitis C","6/567","158/8644",0.952471135918743,0.99999990140188,0.820637038200296,"SCARB1/MYC/CCND1/CLDN19/CLDN11/CLDN6",6
"hsa04070","Environmental Information Processing","Signal transduction","hsa04070","Phosphatidylinositol signaling system","3/567","97/8644",0.958162210246674,0.99999990140188,0.820637038200296,"PLCD3/CALML3/IP6K3",3
"hsa04140","Cellular Processes","Transport and catabolism","hsa04140","Autophagy - animal","6/567","165/8644",0.964276070358907,0.99999990140188,0.820637038200296,"IGF1R/BCL2/IRS2/IRS1/IRS4/MAP1LC3C",6
"hsa05100","Human Diseases","Infectious disease: bacterial","hsa05100","Bacterial invasion of epithelial cells","2/567","77/8644",0.966049456034077,0.99999990140188,0.820637038200296,"SHC4/CTNNA3",2
"hsa05140","Human Diseases","Infectious disease: parasitic","hsa05140","Leishmaniasis","2/567","77/8644",0.966049456034077,0.99999990140188,0.820637038200296,"PTGS2/FOS",2
"hsa04611","Organismal Systems","Immune system","hsa04611","Platelet activation","4/567","124/8644",0.966585641957553,0.99999990140188,0.820637038200296,"ADCY1/RASGRP1/PLA2G4A/ADCY8",4
"hsa05110","Human Diseases","Infectious disease: bacterial","hsa05110","Vibrio cholerae infection","1/567","50/8644",0.966701203449955,0.99999990140188,0.820637038200296,"ATP6V1B1",1
"hsa05142","Human Diseases","Infectious disease: parasitic","hsa05142","Chagas disease","3/567","102/8644",0.967586395271731,0.99999990140188,0.820637038200296,"ADCY1/FOS/GNAO1",3
"hsa03018","Genetic Information Processing","Folding, sorting and degradation","hsa03018","RNA degradation","2/567","79/8644",0.969738679792079,0.99999990140188,0.820637038200296,"BTG2/PABPC5",2
"hsa04144","Cellular Processes","Transport and catabolism","hsa04144","Endocytosis","10/567","250/8644",0.970541954768615,0.99999990140188,0.820637038200296,"IGF1R/PARD6B/FGFR2/SNX32/KIF5A/PSD2/PSD3/DNAJC6/PSD/FGFR3",10
"hsa04625","Organismal Systems","Immune system","hsa04625","C-type lectin receptor signaling pathway","3/567","104/8644",0.970763447930507,0.99999990140188,0.820637038200296,"EGR3/PTGS2/CALML3",3
"hsa04714","Organismal Systems","Environmental adaptation","hsa04714","Thermogenesis","9/567","232/8644",0.972253197761979,0.99999990140188,0.820637038200296,"ADCY1/ZNF516/COX6C/UCP1/PLIN1/ACSL6/CNR1/ADCY8/FGF21",9
"hsa00510","Metabolism","Glycan biosynthesis and metabolism","hsa00510","N-Glycan biosynthesis","1/567","53/8644",0.972867390278204,0.99999990140188,0.820637038200296,"MGAT3",1
"hsa05320","Human Diseases","Immune disease","hsa05320","Autoimmune thyroid disease","1/567","53/8644",0.972867390278204,0.99999990140188,0.820637038200296,"CGA",1
"hsa04659","Organismal Systems","Immune system","hsa04659","Th17 cell differentiation","3/567","108/8644",0.976255055601398,0.99999990140188,0.820637038200296,"IL6ST/GATA3/FOS",3
"hsa03083","Genetic Information Processing","Chromosome","hsa03083","Polycomb repressive complex","2/567","84/8644",0.977349796303221,0.99999990140188,0.820637038200296,"L3MBTL4/ASXL3",2
"hsa04066","Environmental Information Processing","Signal transduction","hsa04066","HIF-1 signaling pathway","3/567","109/8644",0.977466377414034,0.99999990140188,0.820637038200296,"IGF1R/BCL2/ANGPT4",3
"hsa05134","Human Diseases","Infectious disease: bacterial","hsa05134","Legionellosis","1/567","56/8644",0.977893374596741,0.99999990140188,0.820637038200296,"CXCL2",1
"hsa04218","Cellular Processes","Cell growth and death","hsa04218","Cellular senescence","5/567","156/8644",0.978996177792971,0.99999990140188,0.820637038200296,"MYC/CCND1/CCNA1/CALML3/GATA4",5
"hsa05235","Human Diseases","Cancer: overview","hsa05235","PD-L1 expression and PD-1 checkpoint pathway in cancer","2/567","89/8644",0.983094000650411,0.99999990140188,0.820637038200296,"RASGRP1/FOS",2
"hsa05161","Human Diseases","Infectious disease: viral","hsa05161","Hepatitis B","5/567","162/8644",0.984057449998815,0.99999990140188,0.820637038200296,"BCL2/EGR3/MYC/FOS/CCNA1",5
"hsa00310","Metabolism","Amino acid metabolism","hsa00310","Lysine degradation","1/567","63/8644",0.98629740861854,0.99999990140188,0.820637038200296,"SMYD1",1
"hsa04520","Cellular Processes","Cellular community - eukaryotes","hsa04520","Adherens junction","2/567","93/8644",0.986645960139445,0.99999990140188,0.820637038200296,"IGF1R/CTNNA3",2
"hsa04071","Environmental Information Processing","Signal transduction","hsa04071","Sphingolipid signaling pathway","3/567","121/8644",0.988098716745289,0.99999990140188,0.820637038200296,"BCL2/GAB2/FCER1A",3
"hsa04660","Organismal Systems","Immune system","hsa04660","T cell receptor signaling pathway","3/567","121/8644",0.988098716745289,0.99999990140188,0.820637038200296,"RASGRP1/FOS/PAK3",3
"hsa04666","Organismal Systems","Immune system","hsa04666","Fc gamma R-mediated phagocytosis","2/567","97/8644",0.989467714526658,0.99999990140188,0.820637038200296,"GAB2/PLA2G4A",2
"hsa04640","Organismal Systems","Immune system","hsa04640","Hematopoietic cell lineage","2/567","99/8644",0.990651479160815,0.99999990140188,0.820637038200296,"ANPEP/CD1A",2
"hsa04622","Organismal Systems","Immune system","hsa04622","RIG-I-like receptor signaling pathway","1/567","71/8644",0.992071448105992,0.99999990140188,0.820637038200296,"IFNE",1
"hsa05166","Human Diseases","Infectious disease: viral","hsa05166","Human T-cell leukemia virus 1 infection","7/567","222/8644",0.992239138386491,0.99999990140188,0.820637038200296,"ADCY1/MYC/CCND1/MMP7/FOS/CCNA1/ADCY8",7
"hsa05208","Human Diseases","Cancer: overview","hsa05208","Chemical carcinogenesis - reactive oxygen species","7/567","223/8644",0.992572901292187,0.99999990140188,0.820637038200296,"COX6C/EPHX3/GSTM5/FOS/EPHX4/SLC26A9/CYP1A1",7
"hsa00562","Metabolism","Carbohydrate metabolism","hsa00562","Inositol phosphate metabolism","1/567","73/8644",0.993085579159067,0.99999990140188,0.820637038200296,"PLCD3",1
"hsa05415","Human Diseases","Cardiovascular disease","hsa05415","Diabetic cardiomyopathy","6/567","203/8644",0.993260376649633,0.99999990140188,0.820637038200296,"AGTR1/IRS1/COX6C/PDK4/CMA1/GYS2",6
"hsa04142","Cellular Processes","Transport and catabolism","hsa04142","Lysosome","3/567","132/8644",0.993466903201756,0.99999990140188,0.820637038200296,"CTSG/PSAPL1/HYAL4",3
"hsa05203","Human Diseases","Cancer: overview","hsa05203","Viral carcinogenesis","6/567","204/8644",0.993564945551665,0.99999990140188,0.820637038200296,"PMAIP1/IL6ST/EGR3/CCND1/HPN/CCNA1",6
"hsa00190","Metabolism","Energy metabolism","hsa00190","Oxidative phosphorylation","3/567","134/8644",0.994149730357694,0.99999990140188,0.820637038200296,"ATP6V1B1/COX6C/ATP12A",3
"hsa05212","Human Diseases","Cancer: specific types","hsa05212","Pancreatic cancer","1/567","76/8644",0.994369178073945,0.99999990140188,0.820637038200296,"CCND1",1
"hsa04380","Organismal Systems","Development and regeneration","hsa04380","Osteoclast differentiation","3/567","135/8644",0.994464706225218,0.99999990140188,0.820637038200296,"GAB2/FOS/FOSB",3
"hsa04621","Organismal Systems","Immune system","hsa04621","NOD-like receptor signaling pathway","5/567","186/8644",0.994936720928065,0.99999990140188,0.820637038200296,"BCL2/MAP1LC3C/NLRP6/CXCL2/PYDC1",5
"hsa05171","Human Diseases","Infectious disease: viral","hsa05171","Coronavirus disease - COVID-19","7/567","232/8644",0.995023594543107,0.99999990140188,0.820637038200296,"AGTR1/IL6ST/C6/C7/CFD/FOS/MASP1",7
"hsa05162","Human Diseases","Infectious disease: viral","hsa05162","Measles","3/567","138/8644",0.995314169001578,0.99999990140188,0.820637038200296,"BCL2/CCND1/FOS",3
"hsa05170","Human Diseases","Infectious disease: viral","hsa05170","Human immunodeficiency virus 1 infection","6/567","212/8644",0.995571795137332,0.99999990140188,0.820637038200296,"BCL2/GNG3/FOS/PAK3/CALML3/GNAO1",6
"hsa04662","Organismal Systems","Immune system","hsa04662","B cell receptor signaling pathway","1/567","84/8644",0.996744710216244,0.99999990140188,0.820637038200296,"FOS",1
"hsa05169","Human Diseases","Infectious disease: viral","hsa05169","Epstein-Barr virus infection","5/567","202/8644",0.997722199206366,0.99999990140188,0.820637038200296,"BCL2/MYC/CCND1/ENTPD8/CCNA1",5
"hsa04110","Cellular Processes","Cell growth and death","hsa04110","Cell cycle","3/567","157/8644",0.998398220830966,0.99999990140188,0.820637038200296,"MYC/CCND1/CCNA1",3
"hsa03015","Genetic Information Processing","Translation","hsa03015","mRNA surveillance pathway","1/567","97/8644",0.998665319619518,0.99999990140188,0.820637038200296,"PABPC5",1
"hsa04137","Cellular Processes","Transport and catabolism","hsa04137","Mitophagy - animal","1/567","103/8644",0.999115987875933,0.99999990140188,0.820637038200296,"MAP1LC3C",1
"hsa04141","Genetic Information Processing","Folding, sorting and degradation","hsa04141","Protein processing in endoplasmic reticulum","3/567","170/8644",0.99924377626277,0.99999990140188,0.820637038200296,"BCL2/FBXO2/CRYAB",3
"hsa05164","Human Diseases","Infectious disease: viral","hsa05164","Influenza A","3/567","171/8644",0.999286544452374,0.99999990140188,0.820637038200296,"PRSS1/PRSS3/TPSD1",3
"hsa03013","Genetic Information Processing","Translation","hsa03013","Nucleocytoplasmic transport","1/567","108/8644",0.999373011465253,0.99999990140188,0.820637038200296,"POM121L2",1
"hsa04620","Organismal Systems","Immune system","hsa04620","Toll-like receptor signaling pathway","1/567","108/8644",0.999373011465253,0.99999990140188,0.820637038200296,"FOS",1
"hsa04217","Cellular Processes","Cell growth and death","hsa04217","Necroptosis","2/567","159/8644",0.999769261383341,0.99999990140188,0.820637038200296,"BCL2/PLA2G4A",2
"hsa04613","Organismal Systems","Immune system","hsa04613","Neutrophil extracellular trap formation","3/567","191/8644",0.99978020668853,0.99999990140188,0.820637038200296,"AZU1/CTSG/ELANE",3
"hsa04650","Organismal Systems","Immune system","hsa04650","Natural killer cell mediated cytotoxicity","1/567","132/8644",0.999879816550558,0.99999990140188,0.820637038200296,"SHC4",1
"hsa05135","Human Diseases","Infectious disease: bacterial","hsa05135","Yersinia infection","1/567","137/8644",0.999914862739292,0.99999990140188,0.820637038200296,"FOS",1
"hsa05152","Human Diseases","Infectious disease: bacterial","hsa05152","Tuberculosis","2/567","180/8644",0.999939407205632,0.99999990140188,0.820637038200296,"BCL2/CALML3",2
"hsa04120","Genetic Information Processing","Folding, sorting and degradation","hsa04120","Ubiquitin mediated proteolysis","1/567","142/8644",0.999939701910604,0.99999990140188,0.820637038200296,"FBXO2",1
"hsa03008","Genetic Information Processing","Translation","hsa03008","Ribosome biogenesis in eukaryotes","1/567","164/8644",0.999986816607455,0.99999990140188,0.820637038200296,"FBLL1",1
"hsa05131","Human Diseases","Infectious disease: bacterial","hsa05131","Shigellosis","3/567","247/8644",0.99999270582829,0.99999990140188,0.820637038200296,"BCL2/PLCD3/MAP1LC3C",3
"hsa04740","Organismal Systems","Sensory system","hsa04740","Olfactory transduction","7/567","439/8644",0.99999990140188,0.99999990140188,0.820637038200296,"OR2W3/PDE1C/OR2L13/CALML3/ANO2/OR2T8/OR6B3",7
